Date,Close,High,Low,Open,Volume
2021-09-07,149.86280822753906,152.2196264289596,149.29750998448822,151.62825219709225,6859900
2021-09-08,149.4975128173828,150.43676583258724,148.78438437838156,149.25400425087295,4661700
2021-09-09,146.16664123535156,149.13223015570742,145.84485167432422,148.8800296275485,7114600
2021-09-10,145.20997619628906,147.05368727164645,145.12300318434188,146.5840675096998,6699300
2021-09-13,144.19247436523438,146.2101184560948,143.60979226618613,146.03618567984788,6273500
2021-09-14,143.3228302001953,144.8360602990625,143.07061633690194,144.71430600064534,5259600
2021-09-15,143.86203002929688,144.33166324393568,142.89668761056558,143.49676712359093,7935300
2021-09-16,143.68804931640625,144.7664536811197,142.7922829787838,144.06200409395655,5665400
2021-09-17,143.27932739257812,143.4184789378733,142.24440933855558,142.88797528287947,13419800
2021-09-20,142.46180725097656,143.64456866786634,141.0355373015112,142.17481220825113,7270800
2021-09-21,143.0880126953125,144.34904219314018,142.83581210383625,143.1575884754288,6663600
2021-09-22,142.56614685058594,144.3228981384119,142.3052543619835,143.80109989098887,5657100
2021-09-23,143.37501525878906,144.1664248697162,142.75753847207505,142.9749578198974,4697900
2021-09-24,142.94015502929688,144.06203285615155,142.53140565535077,143.2793286299945,4399300
2021-09-27,141.9052276611328,142.94014565623024,141.62693785660917,142.62706133225305,5775500
2021-09-28,141.5921630859375,142.54881345102615,140.68770450730875,141.84437694138035,7610400
2021-09-29,142.64454650878906,143.20113973110512,141.56614133482643,141.75747149908156,5124100
2021-09-30,140.45286560058594,143.84460131938485,140.37459783866458,143.1836514350145,6972300
2021-10-01,139.55712890625,140.80076117814437,137.9482204604241,140.47898479706862,8568300
2021-10-04,138.4700164794922,140.01804096393533,137.1220140521925,139.13967169541667,8620700
2021-10-05,138.7830810546875,140.11368603127806,138.40911298003607,139.02658959483347,5129000
2021-10-06,139.07009887695312,139.10488012971737,137.2698605137335,139.03530435396652,7312600
2021-10-07,140.31370544433594,141.4181991188364,139.16573852936418,139.16573852936418,5309200
2021-10-08,139.95716857910156,140.5485560734484,139.36579435497788,140.29635548262462,4343200
2021-10-11,139.36573791503906,140.7572264097974,139.09614017085636,139.89624141076618,4101600
2021-10-12,137.13941955566406,139.30490760281114,136.8350271837069,139.14837205395742,6686400
2021-10-13,138.4525909423828,139.21791103285335,137.191561808017,137.25244557440413,6901100
2021-10-14,139.24400329589844,140.1397696619746,138.80047274490198,138.89613775828,4579200
2021-10-15,140.27896118164062,140.72249185909718,139.50494886006544,140.04414457817614,6918400
2021-10-18,139.25270080566406,139.92235592583572,138.45259942127333,139.36576308146738,7465500
2021-10-19,142.5139923095703,143.62717801546188,139.78320655133314,139.9310500764665,10081300
2021-10-20,142.43576049804688,143.279348619824,141.9835245439484,142.60969332032363,6003200
2021-10-21,142.1052703857422,142.96625571955178,141.1312360228066,142.88798794472078,4524100
2021-10-22,142.38357543945312,142.6792625507666,141.722625437066,141.80958520909888,4304300
2021-10-25,142.69664001464844,142.89666205981723,140.63550924734142,142.3835556842784,6715400
2021-10-26,144.14901733398438,144.39252592457478,142.67056852819323,143.1140991888637,6939100
2021-10-27,142.40093994140625,144.15767821286184,142.02697187000763,144.08810244910813,7018800
2021-10-28,141.62692260742188,143.67065585286417,141.16599480094825,142.42702395583302,6278800
2021-10-29,141.65301513671875,141.9747914282481,139.6788443365725,141.19208731958,8526800
2021-11-01,141.7747802734375,142.6096629506616,138.6265397987049,141.8965345501252,5846400
2021-11-02,144.00985717773438,145.21870806249404,141.73999895294426,142.36616765428099,8450600
2021-11-03,143.54891967773438,144.16639634226294,142.13134156396936,143.53152241768845,6717800
2021-11-04,143.14886474609375,143.4880383050834,141.47038093965364,143.44455179337285,8224400
2021-11-05,142.13137817382812,143.14891246017956,141.0616786343448,141.30518725682515,6215900
2021-11-08,141.6443634033203,142.77494675328677,140.89644025828633,142.34880002138925,5578800
2021-11-09,141.3312225341797,142.27047540650497,140.90508924272163,141.4181955533693,6112800
2021-11-10,142.86184692382812,143.3575559217055,141.1920686479906,141.3486041409356,6225100
2021-11-11,141.80958557128906,142.46184357920575,141.31387638578843,142.18355372967733,4118800
2021-11-12,143.5054473876953,145.77530568561278,143.1575817736221,145.61006487435012,18995200
2021-11-15,142.20960998535156,143.89678576418362,141.94870418868948,143.4967284399391,7496200
2021-11-16,141.47039794921875,142.9314626429963,141.42691143227967,141.91392857346491,7594700
2021-11-17,142.00091552734375,142.5053299787955,140.70509150877513,141.64434463180012,5414500
2021-11-18,141.23556518554688,143.03580327275154,141.00076190738824,142.14872885571359,6358700
2021-11-19,141.6616973876953,141.9226031627137,140.69635530928056,141.79214364009502,7620700
2021-11-22,139.79714965820312,142.37074996597244,139.75337831040392,140.961398052534,7634500
2021-11-23,140.663818359375,140.93518210081112,138.99185119209176,139.6396326140463,7734000
2021-11-24,140.26986694335938,140.6024998201343,139.51704513201483,140.1823242427055,5230900
2021-11-26,139.35946655273438,141.07520458866608,138.8867707126585,140.58499753758284,8523100
2021-11-29,139.84097290039062,140.4274717785552,138.676724074012,139.6221294373227,9188500
2021-11-30,136.49700927734375,139.18441284239557,136.42699113837477,138.75547493764344,14981700
2021-12-01,138.37905883789062,140.12980601950795,136.77712356385385,137.32861320034843,9835800
2021-12-02,137.51243591308594,139.4382551657863,137.21481209416177,137.66124782254803,11334700
2021-12-03,139.51705932617188,139.7709118124692,137.95013298218132,138.23025896706045,8750500
2021-12-06,142.63340759277344,143.14112599423308,139.9109945694303,140.2261296683658,9692000
2021-12-07,143.0010528564453,143.7976461552863,142.1694504855989,143.56129150853437,8311300
2021-12-08,143.85890197753906,144.06024753354055,142.37076944870256,143.0973311787477,6216400
2021-12-09,145.22450256347656,145.29453406767502,143.1148619370018,143.71885861606904,8574200
2021-12-10,144.8656005859375,145.91604637020316,144.13027651552298,144.93563208584092,6572200
2021-12-13,147.4567108154297,148.11324115152433,143.38622807450042,144.2178304954582,11142300
2021-12-14,149.06735229492188,149.66261324002986,146.32744223350227,147.35162765901657,10482400
2021-12-15,149.8114471435547,149.9515101344064,148.30580338475377,148.682221003025,8552200
2021-12-16,151.44837951660156,151.88606631021224,149.54882043518805,149.91647573896412,8998600
2021-12-17,147.2640838623047,149.49628901477573,146.76512790049017,148.49836373400677,16726200
2021-12-20,146.8439483642578,147.50922761384908,145.79350252279764,146.8964686527593,7954500
2021-12-21,146.37127685546875,147.1503590983536,145.29455733279576,147.1153366620746,7954200
2021-12-22,147.00149536132812,147.21158985265683,145.41707114100834,146.23992453561783,4178200
2021-12-23,147.28160095214844,147.89435977056584,146.50251902077335,146.9577170103722,3501500
2021-12-27,148.52464294433594,148.68221714424004,147.67552945040492,148.0606959866798,3704800
2021-12-28,149.1199188232422,149.3737713253732,148.4546262462287,148.62969831912696,3187000
2021-12-29,150.1703643798828,150.55553095393455,148.73475201296267,148.81353244207062,3662000
2021-12-30,150.8356475830078,151.33461702815774,150.34544042386332,150.6693244346245,4231800
2021-12-31,149.7501983642578,151.15953732163038,149.71517593319564,151.0282365980068,4409500
2022-01-03,150.16160583496094,150.2141394794846,148.02570512434724,148.99737051231398,6012200
2022-01-04,149.75889587402344,150.81809029996487,149.3387203455506,149.7413846645048,6748400
2022-01-05,150.75685119628906,151.85106825969427,150.2316216629978,150.5642679245584,7016100
2022-01-06,150.2404022216797,151.0019731161535,149.51384040035055,150.6955869582778,7301600
2022-01-07,152.27122497558594,152.57761105817445,149.80267853259764,150.09155340434504,6986000
2022-01-10,151.51840209960938,152.04363156392358,150.7043111227765,152.04363156392358,7698400
2022-01-11,149.90773010253906,151.78102908603114,148.90980472548517,151.43088498631235,8341100
2022-01-12,148.62969970703125,148.88356556867583,147.36041047023764,148.4721388470944,8116200
2022-01-13,147.72808837890625,149.18121219786602,147.4654869056022,147.93818291469464,6159400
2022-01-14,146.92269897460938,147.63174943974317,146.31868906515734,147.61425158522346,5847700
2022-01-18,146.27496337890625,146.8176908459868,145.3207958112035,146.27496337890625,7815600
2022-01-19,145.8197784423828,147.69307795874286,145.5921860485401,146.36250595847045,5926500
2022-01-20,144.65548706054688,146.9402126854711,144.37536109777648,146.44124332321428,6011300
2022-01-21,144.32286071777344,147.0540358027852,143.9727165731749,145.47836043780592,10550300
2022-01-24,142.65966796875,143.71011384785328,138.53665153076818,143.56130190605185,14054600
2022-01-25,146.73887634277344,147.42166666126548,141.44286355373893,142.125653872231,14081200
2022-01-26,147.3953857421875,148.13069623425918,145.5133248109545,146.66006189297698,9963200
2022-01-27,149.3300018310547,150.48550156945763,147.9381608020046,148.2795560234158,9066700
2022-01-28,150.3804473876953,150.4242187456787,148.20077534583996,149.5663562292055,9783100
2022-01-31,150.8181610107422,151.1070359961117,149.53137368630777,150.12662151763007,8054800
2022-02-01,149.58384704589844,150.54675000451144,148.31454462318376,150.3366688862678,8154700
2022-02-02,151.23831176757812,151.43089504235468,148.50713685126635,148.50713685126635,7382800
2022-02-03,151.22955322265625,151.98237512709045,149.72390941378785,150.79186637954666,6240400
2022-02-04,150.2404022216797,151.42214877960694,148.91857929974324,149.68891248036084,6392200
2022-02-07,149.74143981933594,150.33670094797154,148.82229465957374,150.04782599163804,6065700
2022-02-08,150.13531494140625,150.60802414529854,149.23368124032865,149.70639044422092,6296100
2022-02-09,150.1178436279297,150.7743739160778,149.90774912715085,150.6255619869547,5387500
2022-02-10,148.30581665039062,149.8814920455582,148.2007760764272,149.8727431167756,10355300
2022-02-11,146.80892944335938,148.94483005629476,146.66010415972997,148.04319621178286,13125300
2022-02-14,144.96189880371094,147.0365303235206,143.39497230622916,146.80893795636868,8967600
2022-02-15,146.458740234375,147.15029278922535,145.3207519967348,145.42580590108636,6631400
2022-02-16,146.37127685546875,146.92275333397762,145.05821599506874,145.74100657390508,8482400
2022-02-17,145.4783935546875,146.58135988268216,144.36666493894032,146.37127869095707,6227600
2022-02-18,143.9190216064453,145.68100766262467,143.54900614779407,145.34622601022681,6423200
2022-02-22,141.9631805419922,144.25376721992276,141.346488264975,144.10400005571026,6868900
2022-02-23,142.03366088867188,143.28466905678627,141.7076978530239,142.2891428868775,8016900
2022-02-24,139.32022094726562,141.0734017115501,137.18821967693106,140.76504880992564,12883400
2022-02-25,146.24481201171875,147.11699976616663,140.6945544094442,140.95885495105424,11340400
2022-02-28,144.98501586914062,145.52240866211778,143.0556391626354,143.48731710360204,9373500
2022-03-01,144.48284912109375,145.143593857928,143.08207350529776,143.637089943076,8737800
2022-03-02,146.28004455566406,147.68083338131473,144.5180588838918,144.84403537433067,6793300
2022-03-03,148.42967224121094,149.18732663317897,146.5267378936334,146.86150603690942,7333700
2022-03-04,149.31068420410156,149.6454658331078,146.99368184328065,147.6896603719724,6302500
2022-03-07,151.71578979492188,152.51748309921024,147.4429689493385,148.27110440748328,11663400
2022-03-08,148.64109802246094,152.51746074966385,148.45608362988472,151.56598696544876,11100300
2022-03-09,149.2049560546875,149.9714155655516,147.9098954338508,149.77759605475396,7248200
2022-03-10,149.46925354003906,149.90093144286288,148.0772831923903,148.50015600595307,6171400
2022-03-11,149.19613647460938,151.05503182552596,148.90540723664992,149.0023169826364,5188000
2022-03-14,151.25767517089844,153.3984814938899,150.07714789543274,150.36786372657465,7729500
2022-03-15,155.17811584472656,155.51289750664876,152.01535401019873,152.70252751622743,10554400
2022-03-16,153.7509002685547,155.89170678013417,152.024148094523,154.57903582942265,9603300
2022-03-17,155.75955200195312,155.79478580412285,153.4689650172494,154.35877647593637,7472100
2022-03-18,154.03280639648438,155.9357544225093,152.9932411529195,155.9357544225093,13809500
2022-03-21,154.9049835205078,156.07670569292597,153.5746890783669,153.87422343865535,7574900
2022-03-22,154.1737518310547,155.38070775795197,153.21347283165636,154.9049775243138,8442100
2022-03-23,153.59228515625,154.64947385266268,153.3720369510439,154.37636822906848,5254200
2022-03-24,154.38523864746094,154.64952582822465,153.35447831381805,154.17379545996184,5012300
2022-03-25,155.8652801513672,156.55245361683794,154.36759473797932,154.7816625239535,4809500
2022-03-28,156.66696166992188,156.97530110472485,155.3630960031021,155.6273831063949,5604200
2022-03-29,156.58766174316406,158.05009954311504,155.75952637811633,157.36292624932713,5933400
2022-03-30,158.21749877929688,158.45537060690202,156.53479925125816,157.20436240408984,6277600
2022-03-31,156.1383819580078,158.76375071521113,155.91813371318187,158.21752592688028,11490400
2022-04-01,156.98410034179688,157.19552999844421,154.70233234459397,155.97976914407434,6525600
2022-04-04,155.4687957763672,156.98410442184152,154.6318553303266,156.98410442184152,6860600
2022-04-05,156.47312927246094,158.27034864118497,155.3102123422583,155.468798034051,7446100
2022-04-06,160.54331970214844,160.8692961905216,157.36293504703846,158.0413032903794,10330900
2022-04-07,160.1292724609375,161.1776562138428,158.78135433374084,160.04998632236956,7385200
2022-04-08,160.44639587402344,161.38906457231346,158.9575159705979,159.75041751402443,7144500
2022-04-11,158.43777465820312,162.27890459747775,158.22634494596807,161.22171570764417,5932000
2022-04-12,158.49058532714844,159.29229193054363,156.99290038816892,157.87389311026064,5957500
2022-04-13,159.1602020263672,159.3187743171892,157.90919355263156,158.4906387285322,5643100
2022-04-14,158.49058532714844,159.81207441028602,158.3408181775387,158.57868997651045,6188200
2022-04-18,156.5172119140625,158.9223189218524,155.70670000704246,158.34086034413616,6318700
2022-04-19,161.29217529296875,163.8118154238909,158.5346633245545,159.21303159442544,14380800
2022-04-20,162.0057830810547,162.3846170165724,160.2526023788648,160.5521501800479,8044900
2022-04-21,161.53883361816406,162.86912785132378,160.83403671893984,162.04099250295153,6969200
2022-04-22,159.9354248046875,161.35382373095896,159.79447617521097,160.75475508775517,8003600
2022-04-25,163.87350463867188,164.4725868746323,160.42883219272372,160.64026191127383,11176500
2022-04-26,162.7017822265625,164.36687191646163,162.26128572266617,163.07181111957553,10190000
2022-04-27,160.42880249023438,162.82510410464138,160.11164452824275,162.31412664127242,11090100
2022-04-28,161.62696838378906,162.54319511346156,160.2702317475092,160.56096102671202,9403900
2022-04-29,158.98399353027344,160.825265567841,158.75492676003068,160.78121323180312,8463100
2022-05-02,157.38052368164062,159.82087704309245,155.96212500245,158.99274181584218,7145400
2022-05-03,157.07220458984375,159.13373801346336,156.5347984297835,157.52151953328257,5898700
2022-05-04,158.75491333007812,159.0192138810612,156.06788237370492,156.94887524839223,5923000
2022-05-05,155.7243194580078,158.32325958931105,154.41164847782088,158.06776408864096,7089200
2022-05-06,155.38072204589844,155.82121852020705,153.90066034480654,154.29710448310718,6434000
2022-05-09,156.2264862060547,157.31010380362827,153.8125606099216,154.5702151077673,7855200
2022-05-10,156.0150146484375,157.85628640863922,155.49523211299206,157.01934592153694,8186700
2022-05-11,155.16929626464844,157.09867302176016,154.94904802192585,155.01952907274338,6138900
2022-05-12,156.70217895507812,156.77265998948985,153.9182520316708,155.46879446008012,6898600
2022-05-13,155.8035888671875,157.60080834287368,154.87854369817794,157.43341755269586,7732200
2022-05-16,156.88720703125,157.81225220460334,155.20450747550717,155.80358959880496,5516700
2022-05-17,157.53915405273438,158.31441864990262,155.57453024149905,157.45104938713396,5751100
2022-05-18,154.61424255371094,158.02368052368533,154.32351330499378,157.55675539653217,8608800
2022-05-19,153.23988342285156,153.9975377371215,152.13864246855704,153.92705670290073,6874500
2022-05-20,155.91810607910156,156.07669177757012,153.33680355982273,154.0416005069286,7522100
2022-05-23,159.10122680664062,159.53567869223838,157.34565533407425,157.46978637699775,7040800
2022-05-24,160.83908081054688,161.1405535476744,158.7997867921156,158.932779522267,6419800
2022-05-25,159.2607879638672,160.97203722782382,158.7642638860144,160.06764635501116,6558900
2022-05-26,159.11892700195312,160.48436815938248,158.35640404853348,160.48436815938248,6897600
2022-05-27,160.56419372558594,160.62626600895544,158.02836236359866,159.38494210498072,5853600
2022-05-31,159.18101501464844,159.74847311716997,155.17333455537664,157.82443527691308,16391400
2022-06-01,157.5673065185547,159.44700888661305,155.9624512283387,158.84407706165393,5175400
2022-06-02,157.07077026367188,157.65596522362733,154.80093790547036,157.5939064711116,8666500
2022-06-03,156.4235382080078,158.41851023284013,156.18413777683236,156.99987157718797,4234200
2022-06-06,156.40577697753906,158.26775598911817,156.05112075117532,157.1239781592175,5386500
2022-06-07,158.12588500976562,158.97707887744943,156.40577393391217,156.92003492261964,5447800
2022-06-08,157.18600463867188,159.1100420066684,156.7604145485601,157.91306734149182,4333100
2022-06-09,154.0206756591797,158.40073515032728,153.95860338377517,157.1239647270057,5509600
2022-06-10,152.99215698242188,154.2512040930317,151.28090765364306,152.65522411857313,6647300
2022-06-13,151.44940185546875,152.72618606914793,150.80214807715922,150.80214807715922,7997000
2022-06-14,149.12637329101562,151.71540195282876,148.30177784300346,151.6710665366097,7116800
2022-06-15,150.7223358154297,152.00798155872073,149.52534736486373,150.4120014677221,7796100
2022-06-16,150.80213928222656,150.91740865096008,148.43477432795913,149.31255327671855,7056700
2022-06-17,150.25241088867188,152.6818344825314,150.05734590283774,151.28979457009822,12486600
2022-06-21,153.4000244140625,154.1536858276882,150.34107040624718,151.39619097361592,8219700
2022-06-22,155.82058715820312,157.75348648745705,152.22963556043524,152.50449615044226,10593100
2022-06-23,159.29627990722656,159.4381478111897,156.5121865559725,156.937776738594,10223500
2022-06-24,161.62814331054688,161.8409451300277,159.57997484163178,160.2893007106356,9374400
2022-06-27,161.4774169921875,162.5680111184199,160.92769585911375,161.0518268739777,5908600
2022-06-28,156.8845672607422,162.2310900143296,156.32597088881704,161.52176407982896,9245700
2022-06-29,156.9289093017578,158.09042397308212,156.43237165613192,157.13283595041912,7097900
2022-06-30,157.38995361328125,158.08154268145185,155.19105538446362,156.8136338995614,10777200
2022-07-01,159.17214965820312,159.3494777743972,156.66291690271612,157.33676915596087,5498400
2022-07-05,157.94851684570312,158.82630903078297,154.81862982668767,158.5603101690075,5676400
2022-07-06,158.09042358398438,159.10120868387406,157.30130200187108,157.88649693582497,5335600
2022-07-07,158.2677764892578,158.81749777010634,157.38998395079716,157.7003183360133,5725800
2022-07-08,158.0727081298828,159.5888927497621,157.6205193628932,158.1170435452981,3828300
2022-07-11,158.134765625,158.7288222540413,157.3988410916082,157.55843233705153,3645200
2022-07-12,155.9181365966797,158.22342925296516,155.3418032856569,157.80670072304372,4708800
2022-07-13,155.55458068847656,156.3437022111806,154.72112375970156,155.74964565177567,5291700
2022-07-14,155.76736450195312,156.05996193846983,152.77048325350202,152.97440988043206,5359600
2022-07-15,158.02833557128906,158.2765976041397,156.5387633741853,157.56728524128997,5691100
2022-07-18,154.4817352294922,157.99289130869738,154.19801296157368,157.59389968201364,7605700
2022-07-19,152.22964477539062,156.716112362063,150.6248030171579,156.34371926313065,13256400
2022-07-20,151.36070251464844,152.99214254378694,150.5183704345217,152.68180824802806,7455800
2022-07-21,151.8927001953125,151.963634141449,150.52725893766868,150.775520984513,5729200
2022-07-22,152.61090087890625,152.93897209906797,151.67104968825117,152.14985048339835,4257000
2022-07-25,152.912353515625,153.37340385070215,152.25622469056967,152.61088087590073,4437300
2022-07-26,153.9940643310547,155.14671726763484,152.93895740751188,153.00101615394772,4525500
2022-07-27,153.56846618652344,154.36646288377784,151.73309948844374,153.06308045460173,4648500
2022-07-28,154.45516967773438,156.13094569112718,152.00800878605182,153.7458435625412,5513000
2022-07-29,154.7388916015625,155.03148910507943,153.31137782764176,154.09162430775118,6451400
2022-08-01,154.19801330566406,155.3063308985184,153.86994209827728,154.42853849444148,5461400
2022-08-02,153.32022094726562,155.59892841290144,153.12515596852373,155.17332471604598,5794200
2022-08-03,154.80088806152344,155.3949445007687,152.30053131021154,152.99212021137848,5010000
2022-08-04,152.31829833984375,155.24425950757504,152.1498454293507,154.9959974476965,5651600
2022-08-05,151.71533203125,152.08772500317895,150.54494252296186,151.88379841767903,5235500
2022-08-08,150.90855407714844,152.04347046062492,150.2347017023563,151.88387918604408,4629800
2022-08-09,150.8907928466797,151.72424989078607,150.49180119536254,151.20998887358706,5532500
2022-08-10,151.3252716064453,151.83067099755377,150.3144863534979,151.6356059900315,5603400
2022-08-11,148.19537353515625,150.68686952264798,148.05350562466276,149.41896058694252,9328700
2022-08-12,146.56394958496094,148.9047162534746,146.43094333048498,148.5500464374755,14606900
2022-08-15,147.26437377929688,147.84956872261452,146.41319343380545,147.18457815864474,10072000
2022-08-16,148.57664489746094,149.17956323550783,146.82993511037083,147.06046032269427,7453600
2022-08-17,148.58547973632812,149.45439687276988,147.54809617430487,147.54809617430487,7406600
2022-08-18,147.86732482910156,149.2239046737408,147.12252501831833,148.67416986944014,8312100
2022-08-19,150.11940002441406,150.8375876640734,148.07123126560262,148.15990208525312,8128500
2022-08-22,149.59278869628906,150.77996386918844,149.2178934238219,150.76210782187857,5462600
2022-08-23,148.28956604003906,149.75344848540735,147.99500258442467,149.0661337556404,5566300
2022-08-24,147.7986602783203,148.70019327353748,147.34343317343985,148.67341600973126,5684300
2022-08-25,149.18212890625,149.2803166927264,147.01307639415043,148.12884050403343,5678700
2022-08-26,146.62928771972656,149.51241890952838,146.56679838011266,149.47672044415611,5667100
2022-08-29,145.49566650390625,146.24545685385863,144.6209110956285,145.9151949754636,5259200
2022-08-30,144.9868621826172,145.97766137471527,144.6298230731023,145.76344335707392,6973300
2022-08-31,144.013916015625,145.98659314782407,143.9514403018445,145.70095097005986,8741700
2022-09-01,147.58438110351562,147.72720221135242,144.13890019293345,144.14783502477982,7509600
2022-09-02,145.26361083984375,148.35203922422625,144.61199459154986,148.048554561284,5803700
2022-09-06,145.6563262939453,148.36987266255747,145.33499925520468,146.3347196961831,7394600
2022-09-07,146.45077514648438,146.7631809989635,144.74588391492745,145.41534253903058,4590600
2022-09-08,147.62901306152344,147.65579031647835,145.56708270897354,146.2811746215019,5838400
2022-09-09,147.91464233398438,148.35201320676376,146.73638873836902,147.2719610309522,5500600
2022-09-12,147.8521728515625,148.68230865452128,147.47727764448052,148.27170135904805,6365300
2022-09-13,144.00503540039062,146.7810581048217,143.54087354076015,146.00449034788366,6726400
2022-09-14,146.9774169921875,147.60224233572492,144.94226380456792,144.94226380456792,9555700
2022-09-15,147.352294921875,148.2359851313789,146.477539543484,146.78994536853895,7174500
2022-09-16,149.60169982910156,149.62847708573747,147.05775148732218,147.56654660374656,20201500
2022-09-19,148.42340087890625,148.55728712133302,146.45965880903336,148.4412569179522,7380900
2022-09-20,147.254150390625,148.08427271788656,146.67395824491575,147.47730331130907,7143400
2022-09-21,145.74560546875,148.88760178047127,145.7099070014197,147.2987543909455,8071200
2022-09-22,148.3341827392578,149.2089518759739,145.3439421806004,145.62957079776595,7401100
2022-09-23,148.81619262695312,149.4945724739818,146.97741508828867,147.94143715733205,9598600
2022-09-26,147.90570068359375,148.92327709644962,146.72746076247205,147.99496726829824,8735500
2022-09-27,147.22735595703125,149.66418175301942,146.7453380772795,148.49486276425293,8686700
2022-09-28,148.49485778808594,149.40532538141738,147.3701721399739,148.39666997292105,8660900
2022-09-29,146.8613739013672,149.21786779511982,146.2901030671293,148.60196366035987,7008100
2022-09-30,145.81704711914062,147.94146731284908,145.78134864419764,147.28092975492814,8985200
2022-10-03,145.67417907714844,146.72746762118908,144.33526196500523,146.64712224313192,8657000
2022-10-04,147.83428955078125,148.17348622710443,145.42424159521747,146.254377245122,6236100
2022-10-05,147.37908935546875,148.20921153557433,146.5757444314846,147.29875758710452,4539400
2022-10-06,144.52273559570312,147.28090194510682,144.32635997016263,147.09344753157416,5890700
2022-10-07,142.99635314941406,144.79943211202772,142.07696443534692,144.39775967911385,6363500
2022-10-10,143.18382263183594,143.96039032528438,142.085900614001,143.38019826331026,5315600
2022-10-11,145.25465393066406,146.4864620603169,143.14809041482198,143.14809041482198,6212200
2022-10-12,145.2189483642578,147.17376947608804,145.04935002192823,145.4421012104454,4341700
2022-10-13,147.41477966308594,148.16458365349112,143.48729462075696,143.61225968246276,6465100
2022-10-14,146.7988739013672,147.88784725703567,146.0312275679109,146.7810178600769,5684600
2022-10-17,148.7001190185547,149.2535473079308,147.28979147493177,147.63790935075104,6710800
2022-10-18,148.1824188232422,149.2178513525054,145.5402966135969,147.2808861807905,10883600
2022-10-19,147.00418090820312,148.39665258177337,146.29008902888847,148.17349972074814,10044600
2022-10-20,147.37908935546875,147.94143897436024,146.68285345597022,147.2809015429666,5659900
2022-10-21,150.59246826171875,151.18158140690807,146.77207911738478,147.02202282828043,8487600
2022-10-24,152.61871337890625,153.60059149577683,151.07449926798327,151.574359538328,6855500
2022-10-25,152.37770080566406,152.73473992396688,150.42287962555824,151.89568301376903,5661900
2022-10-26,153.7166290283203,154.03796970606226,152.20811344725865,152.92220535559304,6123800
2022-10-27,153.80589294433594,154.80561351501115,153.27925540229606,153.8416050333865,5390900
2022-10-28,156.0909881591797,156.55515001085143,154.0558347743827,154.42180880397336,6073900
2022-10-31,155.28762817382812,156.34983806835245,154.79668911079114,155.77856723686514,7810000
2022-11-01,154.5021209716797,155.87675030635518,152.11884990564263,155.36795521464308,6985000
2022-11-02,152.1277618408203,155.26083672570724,152.00279678348554,154.32359198561142,6877300
2022-11-03,152.38662719726562,153.05608578197004,150.79777991251405,151.57434751231685,4819900
2022-11-04,153.06503295898438,153.97550060228082,151.0655916970591,153.13644352122057,5300900
2022-11-07,154.4039306640625,155.18051191673456,153.02931497179654,153.23461179943612,6621000
2022-11-08,155.17161560058594,155.9303409982586,153.68987690075454,154.53786891703822,5148400
2022-11-09,153.93084716796875,156.20700916845746,153.83265936025603,155.55540660100246,6150000
2022-11-10,155.73394775390625,156.00173395933743,153.5648944721032,155.62683871980266,7877500
2022-11-11,151.0745086669922,154.51998988213637,148.90546908319283,154.18079312608344,11074700
2022-11-14,153.44886779785156,154.65388532008907,151.96712923078343,151.96712923078343,6581500
2022-11-15,153.8773193359375,154.42181297852997,152.20813993560748,153.69879973282923,9351000
2022-11-16,154.83241271972656,156.19810736568343,154.53784925998676,154.99307626858172,5500900
2022-11-17,156.08204650878906,156.19809036155516,154.40393254029053,154.42178858383235,4464100
2022-11-18,157.27816772460938,157.6709190241401,155.86783970364576,156.20703648418095,6555700
2022-11-21,158.08670043945312,158.60775843277142,157.06255575136802,158.01482895333154,5706600
2022-11-22,158.85032653808594,159.1827201742595,158.41011881627625,158.4729978004864,4707900
2022-11-23,159.02099609375,159.37136100727162,158.12262311466034,158.50893062387246,5389200
2022-11-25,159.22763061523438,160.01818950970838,158.88624449902377,159.3534022830882,3058600
2022-11-28,159.30848693847656,159.70377325475624,158.61673588498712,158.78742894957009,6183100
2022-11-29,158.1945037841797,159.24559858578073,156.90983692936217,159.02100532796635,6700500
2022-11-30,159.910400390625,159.91937918607354,157.01763811837253,158.446047955517,13288000
2022-12-01,160.57518005371094,161.6711961086486,159.7037572279313,160.80875207712543,6282600
2022-12-02,160.7009735107422,160.77284499879113,158.9760989218216,159.4612143310461,5823900
2022-12-05,160.61109924316406,161.1321571483257,159.91036950713888,160.23378428592605,5120600
2022-12-06,158.2034912109375,161.70714043717598,158.05075573741055,161.6352689520116,7943500
2022-12-07,159.1647186279297,159.80256939275756,158.3202459426993,158.62570313452107,5702600
2022-12-08,159.19168090820312,159.43424543825788,158.41907963787727,158.85030851532642,4798500
2022-12-09,157.88006591796875,159.8115622619437,157.80819443756775,159.11981125765698,4561000
2022-12-12,159.76663208007812,159.79358217023486,157.75428557193715,158.06870785979294,4882400
2022-12-13,160.99746704101562,161.8868477349419,160.18892293697962,160.8986454407919,9177500
2022-12-14,161.4915313720703,162.64144775691517,160.43145777370083,160.43145777370083,9533600
2022-12-15,159.4522247314453,161.56339300398565,158.47298776770347,160.98843484663666,7602400
2022-12-16,157.81719970703125,159.01203756648414,157.0895196945122,159.01203756648414,18841800
2022-12-19,157.646484375,158.26636391538221,156.37978890996197,157.52970521081343,5736000
2022-12-20,157.81719970703125,158.5089508273641,157.36801316023326,158.11366447288816,6174700
2022-12-21,159.62290954589844,160.0720960500795,157.7992134355701,158.3562140222519,5472000
2022-12-22,159.0389404296875,159.4701555482831,157.52068815912224,158.80536842963187,5709100
2022-12-23,159.44320678710938,159.47914937700568,157.94292579885644,158.71552698464768,3683400
2022-12-27,159.3982696533203,160.2247846422864,159.00299716008985,160.0091702484587,3067300
2022-12-28,158.70657348632812,160.3146550844075,158.69758098338002,159.69477553667332,2645400
2022-12-29,159.51512145996094,160.17992247227312,159.07492742512642,159.50614266409593,2828800
2022-12-30,158.6975555419922,159.70374243692808,157.57458950020597,159.4521991402145,4216600
2023-01-03,160.08108520507812,160.2517782663902,158.12262495960812,158.25738913289425,6344900
2023-01-04,161.8238983154297,161.87779849062463,160.34157495716292,160.7099110984366,9788800
2023-01-05,160.6290740966797,161.6981400199087,160.27870922090636,160.82671722743206,6255300
2023-01-06,161.9316864013672,162.54257328475046,161.15908529656588,161.82388605914193,5706000
2023-01-09,157.73635864257812,161.49155181352253,157.3770011592741,161.0783078428308,7925300
2023-01-10,157.3590087890625,158.23941043943321,156.60437880303044,157.84412414920214,5047500
2023-01-11,157.10745239257812,157.86208231584192,154.6189556964892,157.7273318681456,6494800
2023-01-12,156.31689453125,156.95474536233078,155.2388497243753,156.55046656517976,4269400
2023-01-13,155.80479431152344,156.3258522011857,154.86151380052823,155.58919360413327,6088000
2023-01-17,154.8435516357422,156.83794054518796,154.60098711754407,156.31688262480208,6053300
2023-01-18,152.50778198242188,154.52014225837095,152.46287430288285,154.20570625310043,7047800
2023-01-19,152.30113220214844,153.87328452488123,151.56447367055543,151.85194582422477,6939500
2023-01-20,151.59144592285156,152.82221239174393,150.45948731179328,152.81323359778148,8620600
2023-01-23,151.20513916015625,152.39099795669884,150.88172437092484,151.9148614208974,8425400
2023-01-24,151.20513916015625,153.61278563734163,149.13887876829358,151.8429899446146,10541800
2023-01-25,152.283203125,152.283203125,150.10016330298328,150.18101358348372,7099800
2023-01-26,151.7261962890625,152.64254047177542,151.5105818613411,152.31912568423454,6946100
2023-01-27,151.13328552246094,151.70824369250445,150.7200416201618,151.41177895837643,6058100
2023-01-30,145.53639221191406,151.4117442363209,144.70989088876675,150.86373628522443,23259100
2023-01-31,146.81210327148438,146.82108206591704,144.68296380387935,145.26690072791385,11612500
2023-02-01,148.15965270996094,149.11192576294613,145.89574922960222,146.4257996433147,9865300
2023-02-02,148.7166290283203,149.3275296677024,146.27306759503554,146.43476812105712,10099000
2023-02-03,147.88116455078125,149.43534583932845,147.23433496205172,149.15685243186374,6868500
2023-02-06,146.7582244873047,148.09680528943548,146.52465242525074,147.82729062824393,7021000
2023-02-07,146.79412841796875,147.22535728578453,145.01535388949765,145.17706814194926,7310800
2023-02-08,146.98280334472656,147.83625493143072,146.34495249937197,146.7043099150942,6054700
2023-02-09,144.99737548828125,148.0518514659381,144.70092450479746,147.00075685479476,7949500
2023-02-10,145.67117309570312,146.24613125407433,144.952485678802,145.32980068510022,7028000
2023-02-13,146.210205078125,146.27309776771637,144.7728028014966,144.93451706895723,6414700
2023-02-14,145.5723419189453,146.40783586271226,145.32079859800282,146.2012139293844,6316000
2023-02-15,143.17367553710938,145.51842920459464,143.1018040647323,145.49147911596344,12621800
2023-02-16,142.1585235595703,143.4252188495979,141.87103767003558,142.90417466395917,11177000
2023-02-17,145.12637329101562,145.77785509364287,141.71514410318633,142.07708610835468,12401900
2023-02-21,142.96385192871094,145.0902185401956,142.86431958079723,144.45682334073797,9423900
2023-02-22,142.7647705078125,143.7329499428843,142.39378509026102,143.416252380257,9820200
2023-02-23,142.71954345703125,143.49770168822883,141.76042108509262,142.7014567076324,9385100
2023-02-24,141.12705993652344,141.9233188380373,140.4393905803766,141.7423408646526,8689700
2023-02-27,140.8193817138672,141.96851145798908,140.32172003386148,141.5613387404125,7267100
2023-02-28,138.6749267578125,140.4936528900133,138.47586206864943,140.23124316035364,9062300
2023-03-01,138.05059814453125,138.65683556694998,137.45340409617444,138.44871370342452,6767000
2023-03-02,137.9420166015625,138.2225130871643,136.83811740832545,137.30863521364256,8762500
2023-03-03,139.36257934570312,139.4530544894864,138.29486771832774,138.77442878107271,5747200
2023-03-06,140.75601196289062,140.90983212666842,139.86023490285083,139.94166667073176,8148200
2023-03-07,139.42591857910156,141.3803640452656,138.75635001125593,141.23558723888095,7457700
2023-03-08,138.40345764160156,139.52544331332265,137.96912724608816,139.32637866704786,6230500
2023-03-09,136.84716796875,138.9825778351939,136.36760681204962,138.85590156373868,7439400
2023-03-10,137.1819305419922,138.8830234660363,136.72047001345243,137.40813911990546,8504300
2023-03-13,138.4939422607422,141.07272565966363,137.14574792662427,137.61625184394023,10799600
2023-03-14,139.27210998535156,139.3716423221862,137.44434062105967,138.69301651831657,8421200
2023-03-15,139.66119384765625,140.14979834411767,138.01438862795706,138.29488508024764,7757700
2023-03-16,139.37164306640625,139.67928345220068,138.07773648732402,138.84683745181007,7605500
2023-03-17,137.878662109375,140.20407919992874,137.80627370486874,139.77880595262732,20540700
2023-03-20,139.24496459960938,139.4078419703047,137.87866963252966,137.96010141453874,7129000
2023-03-21,139.24496459960938,139.4621298249774,137.68864833449797,139.34449693540174,8376800
2023-03-22,136.6752471923828,139.3987939315944,136.6571466374125,139.20878642777956,7943500
2023-03-23,136.7476348876953,137.25433997077897,135.82469988254837,136.7928655648665,9051500
2023-03-24,138.1229248046875,138.2224571115303,136.47613386299287,137.06427052645384,5696200
2023-03-27,138.71112060546875,139.83310646017173,138.539199855041,139.525466068184,6772300
2023-03-28,137.37197875976562,138.84684958842922,137.29053316267243,137.88772723907,6115300
2023-03-29,138.72015380859375,138.78349884112916,137.59816803615308,137.7519882208691,6012000
2023-03-30,138.82872009277344,139.1635181724841,138.26772724462285,138.96445352184827,4555700
2023-03-31,140.2493438720703,140.42126463169174,138.6568401636691,139.15448808045306,9890000
2023-04-03,141.92324829101562,142.06801126841154,139.29017748327368,140.20405504520147,6841900
2023-04-04,143.40719604492188,143.8415126517371,141.68800255654006,142.03184401555163,8314500
2023-04-05,149.84963989257812,149.8948843782482,147.27085608284744,148.7276401586814,16704200
2023-04-06,149.43338012695312,151.31543714040706,149.11669640382954,150.19345143713656,9615400
2023-04-10,148.68240356445312,149.15290753800335,148.0671089585119,148.9629000350983,5354000
2023-04-11,148.63714599609375,149.55102374043733,148.429024149948,148.77286562907855,5903800
2023-04-12,148.32046508789062,149.15291114585935,147.57850799985087,148.3385656432121,5764100
2023-04-13,150.3020477294922,150.50111240863956,148.2209257790192,148.55571010000446,5640600
2023-04-14,150.05772399902344,150.31107651030902,148.44711997441817,150.1753568816476,7225100
2023-04-17,149.90391540527344,150.41967764740818,149.2433901502684,149.9672604413296,8046400
2023-04-18,145.68736267089844,149.01716000576369,144.4567874959858,148.6190307128985,14571500
2023-04-19,147.06272888183594,147.19844851450858,145.83215358778912,146.57412439753764,6752000
2023-04-20,148.0128173828125,148.22998261592733,145.64215559968912,146.9722495066497,9498800
2023-04-21,147.20751953125,149.27054098184868,146.55603761983167,148.7909798257599,7014200
2023-04-24,148.10328674316406,148.2209196323305,146.4655387017414,147.20750953082631,5278900
2023-04-25,149.46054077148438,149.61437477060235,148.53761961684066,148.67333925526552,6263100
2023-04-26,147.1441650390625,148.74572578563095,146.80033735717046,148.474272705533,5518200
2023-04-27,147.48800659179688,147.85899200786955,146.7008050851798,147.39751762949913,5739700
2023-04-28,148.1214141845703,148.17570204890873,147.0899033421012,147.31611198129775,6024900
2023-05-01,148.03089904785156,148.66428030526717,146.800323830583,148.03089904785156,4893400
2023-05-02,149.32481384277344,149.7319865448465,147.99470622443852,148.7004759231456,7541700
2023-05-03,147.370361328125,150.3653607192295,147.04462042055215,149.79532448598408,5937200
2023-05-04,146.7008056640625,147.39751821113106,145.9045469740673,147.19845353863226,5128000
2023-05-05,147.19845581054688,147.60564234210096,146.30267857715378,147.34323263035822,5194500
2023-05-08,146.86367797851562,147.09894377276368,145.98598745384734,146.57413813278936,4994900
2023-05-09,145.72357177734375,146.7007945116816,145.48830601499733,146.35695304774526,5520500
2023-05-10,146.26644897460938,146.55600255782394,144.82776585053315,145.85927632905427,6756600
2023-05-11,145.6693115234375,146.75511016506863,144.2215707968101,146.4293691919114,5867600
2023-05-12,145.47927856445312,146.18504831538482,144.7825521874183,146.00408419070348,3904200
2023-05-15,144.36634826660156,145.70549947028832,143.81439866539546,145.49739139967323,5104500
2023-05-16,144.17630004882812,144.99970260969923,143.44338644439333,143.92294753881797,5599200
2023-05-17,143.85963439941406,144.8278000829457,142.75573526416474,144.58349091519628,6840700
2023-05-18,143.39817810058594,143.80535089379885,142.56573195697646,143.56105550187897,5173000
2023-05-19,143.7872314453125,144.71015255160333,143.09050512232002,143.49767782293972,6527100
2023-05-22,143.01231384277344,145.08178903587907,142.93026765854617,144.04249563645504,5675900
2023-05-23,142.9576416015625,144.28867354969393,142.55650830456807,143.22203123405924,5793000
2023-05-24,142.82086181640625,143.2584553429785,142.14622745018653,143.20375789101288,5015100
2023-05-25,140.7696533203125,142.48356745374312,140.14060466955618,142.26477760015854,6886100
2023-05-26,140.71493530273438,141.56277368323182,140.57817775336983,141.02489682393679,6845400
2023-05-30,140.733154296875,141.6539411381206,139.77592103424823,140.36849533119317,5593100
2023-05-31,141.3621826171875,141.9365336212897,140.25908036173084,141.0339840306785,11324600
2023-06-01,140.88812255859375,141.34395318069602,139.62091398558334,140.88812255859375,7901300
2023-06-02,143.1034698486328,143.41343134006178,140.47788095453578,141.05223200283126,7659700
2023-06-05,144.33424377441406,144.62596819736098,142.90292865706857,142.90292865706857,6430500
2023-06-06,144.2065887451172,145.51027173709656,143.49549398980065,145.48292300888042,5073600
2023-06-07,144.5165557861328,144.77181984188414,143.53195989501438,144.1336597025058,6504300
2023-06-08,146.10284423828125,146.24871339417794,143.8784022096743,144.49832525596273,5818400
2023-06-09,145.8749237060547,146.53132097337567,145.38263271098788,146.24870818816623,6264400
2023-06-12,145.77467346191406,146.0937605625846,144.70803113834114,145.86584517949166,6510600
2023-06-13,146.54043579101562,146.63159357041462,145.09088381684876,145.6196490164117,6066800
2023-06-14,147.2880096435547,147.76207745399233,146.75924437630664,147.3244838886607,6699100
2023-06-15,149.26634216308594,149.43044847625262,147.16951780922028,147.73475743140403,7138300
2023-06-16,149.72215270996094,150.41502429950143,149.3939540388232,149.9500680673941,13426600
2023-06-20,149.63096618652344,150.7067197898712,149.33922790781077,149.74947269025952,7995800
2023-06-21,149.403076171875,150.35119791654694,148.31819686933125,149.1295749669805,7177500
2023-06-22,150.9893341064453,151.08050579719267,149.3209923238664,149.42127561934973,5485900
2023-06-23,150.86172485351562,151.58194515091134,150.4514800049334,151.4360759880402,9450700
2023-06-26,149.1751708984375,150.40590553734214,147.07834673370914,150.40590553734214,6978800
2023-06-27,148.86520385742188,149.40309472783213,148.09029990996785,149.2207512946892,4927500
2023-06-28,148.56434631347656,148.78313614424863,147.60709907130226,148.78313614424863,6780400
2023-06-29,149.60362243652344,149.80418903209616,147.89880637415533,148.27259083961786,4547500
2023-06-30,150.89820861816406,151.2811047617168,149.8315663802279,150.29650871650267,7580000
2023-07-03,148.91989135742188,149.86801306783798,148.56434397715975,149.8224272168611,4033700
2023-07-05,148.42758178710938,149.4395264394481,148.35464720999462,148.5916880633296,7224600
2023-07-06,147.3245086669922,148.02647802858692,146.77750618519147,147.91708309656718,6332500
2023-07-07,145.1820831298828,146.8139509733319,145.13649727608657,146.2943111904334,7022200
2023-07-10,145.4191131591797,146.13933349613038,144.9541708266981,145.3461785737385,5739200
2023-07-11,144.6168670654297,146.1393400892204,143.67785684064168,145.07269781186466,6606700
2023-07-12,144.11544799804688,144.89947742494343,143.9331184847605,144.89947742494343,6940400
2023-07-13,144.78097534179688,145.07271372873197,143.50465467608572,144.04253167728888,6401700
2023-07-14,145.74729919433594,146.07549784492446,144.93592112910997,145.1182506214706,5362200
2023-07-17,145.01797485351562,145.74729279091537,144.17923418597957,145.637897882475,5486800
2023-07-18,145.00885009765625,146.67719201436032,144.21570918560852,145.0179756139728,6332500
2023-07-19,144.71713256835938,146.23960540470173,143.43168668307408,143.96045195313857,7522600
2023-07-20,153.50555419921875,154.19841186982762,147.05098968270192,147.63445243449075,21892900
2023-07-21,155.15565490722656,155.7300060370538,153.32320660191064,153.32320660191064,12080000
2023-07-24,155.96701049804688,158.46496736584632,155.88496432300397,156.34990655909405,15155400
2023-07-25,157.1613311767578,157.42570690065315,154.7545452851634,155.39270557633407,13790100
2023-07-26,157.462158203125,158.49234003713482,156.25875847728884,156.80576088191418,14288200
2023-07-27,158.34646606445312,158.8934545416139,156.84221645285166,156.96984848860737,12446400
2023-07-28,159.06671142578125,159.8689780819898,157.92713443041774,158.62911775460023,14138800
2023-07-31,152.73062133789062,155.1829925386907,151.98306628173495,154.69981314717782,22632700
2023-08-01,153.97044372558594,154.15277316472324,151.3904411248019,151.67305384209138,15810300
2023-08-02,154.90040588378906,156.11291732523574,153.93404693774065,153.93404693774065,14595600
2023-08-03,155.56591796875,156.18585502305052,154.68160519994296,154.93686930734597,17424800
2023-08-04,154.10719299316406,157.42563898650977,153.05878824644537,155.2923552573972,23415100
2023-08-07,157.80859375,158.02738358284265,154.39897510942902,154.5174955427848,17736400
2023-08-08,157.8815155029297,158.21883968229002,156.24964770811,157.70831152102463,27378700
2023-08-09,157.78125,158.85700380768796,156.8513514485269,157.71742702284084,42974400
2023-08-10,156.96075439453125,160.4250707797829,156.47757492591683,158.62909656215942,48213800
2023-08-11,158.4923553466797,158.58351314902328,156.4593402114276,157.24336964800432,45905600
2023-08-14,158.11856079101562,160.08775282023876,156.5778507471563,158.19149537478495,64036900
2023-08-15,157.66275024414062,159.1396374995597,156.93341822399927,157.5351181839297,88958100
2023-08-16,157.1613311767578,159.29461582617878,156.9243041859947,157.28896323499194,85832700
2023-08-17,158.63819885253906,159.89629606492926,157.49862207634484,157.5897937827801,70904200
2023-08-18,157.25245666503906,158.6199485630372,156.17668913830678,157.87237964825835,49631700
2023-08-21,152.56654357910156,154.8456971198061,151.2993347669038,154.6998279545972,151319500
2023-08-22,151.35403442382812,153.0132509919115,150.7979203953874,152.11982668602045,56834800
2023-08-23,149.99563598632812,151.79160990102793,149.02927721209326,151.24460754425266,119011400
2023-08-24,150.5061798095703,151.94660651596786,149.38484016307166,149.5398209344699,70755100
2023-08-25,152.66412353515625,154.06909149095304,150.65308712458702,150.87347947500814,18185500
2023-08-28,150.86427307128906,152.6273836799661,149.83580355943263,151.51625828731346,18458000
2023-08-29,150.88265991210938,152.14069965661207,149.46851417106492,151.39689472703463,12208600
2023-08-30,150.35008239746094,152.27847730943637,150.30416556396622,151.6173141402934,9939100
2023-08-31,148.4675750732422,150.203138559252,148.10026850133863,150.01947126145268,15333000
2023-09-01,147.36566162109375,149.2022227569912,146.9340686332099,148.22884759686147,8610100
2023-09-05,147.54931640625,148.73390619737296,147.1820097801411,147.43912722078724,9019800
2023-09-06,145.09747314453125,146.9248560863701,144.49141876217806,146.77792786744067,9753800
2023-09-07,146.9524383544922,147.89826621973248,145.98824095455177,146.13516920845402,9931800
2023-09-08,147.43910217285156,147.54929133959462,146.18106247971068,146.54836904341906,6957000
2023-09-11,149.36752319335938,149.39507048993823,147.33811693700176,147.89826865385479,6309300
2023-09-12,150.2123260498047,150.5337158180773,148.3298482201995,148.96346400784768,6045800
2023-09-13,150.58880615234375,151.47034747982843,149.67970352226882,150.37759157418142,7397500
2023-09-14,150.3592529296875,151.76422096267086,150.0837659794882,151.22242482293447,7758400
2023-09-15,148.25637817382812,151.35099286688802,148.03599982995655,150.57962662779377,13392100
2023-09-18,149.1930389404297,149.8174629756042,147.6135953067132,148.87163514995234,5789000
2023-09-19,148.94509887695312,149.54198962741364,148.19211612996384,148.99101570573453,5550800
2023-09-20,149.5970916748047,150.17559890837325,148.44924095729226,148.93592854056956,3837400
2023-09-21,148.44921875,150.13885139057345,148.38493239374844,149.28485731018543,4526700
2023-09-22,147.38401794433594,148.2104647766677,147.15444782292732,148.11864513521317,4976700
2023-09-25,147.1636199951172,147.25545364493263,145.75865202639662,146.98915847942416,6722500
2023-09-26,146.0249786376953,146.99835378982053,145.8780503851879,146.75041411519544,4904800
2023-09-27,144.27105712890625,145.78621442492346,142.57223251422707,145.6209306523467,10211600
2023-09-28,144.05982971191406,145.05157419832273,143.4537613015788,144.62915906061573,7861900
2023-09-29,143.02218627929688,144.72101079008243,142.65487968813432,144.50979618890807,7680700
2023-10-02,142.47122192382812,142.71916159598712,140.7907808454428,142.71916159598712,7259700
2023-10-03,142.64569091796875,142.79261916226554,141.31418698216945,142.03962241913092,5740800
2023-10-04,142.81097412109375,143.18745844239012,141.93861052886513,142.8568909442315,4955200
2023-10-05,144.298583984375,145.1250307538907,143.31603122558843,143.49968450638667,5993300
2023-10-06,144.7577362060547,145.3638046936503,143.7935388870341,144.24350137240324,5802200
2023-10-09,145.5841827392578,145.89640875490514,144.25267883094574,144.33532071221342,4414100
2023-10-10,145.41891479492188,146.2545534946776,144.99649955830202,145.4372843300401,5273500
2023-10-11,143.41705322265625,146.05252799627516,143.28849450285895,145.51074582083297,6922900
2023-10-12,143.55479431152344,143.7659949062441,142.3977659091445,143.17829593826372,5792400
2023-10-13,144.0323028564453,144.5006208698679,143.29767564985906,143.92209966775584,5359800
2023-10-16,144.65670776367188,145.31787076106806,144.02309205684665,144.92301692165333,6408100
2023-10-17,143.33441162109375,145.9606946266575,141.97536029310643,143.23340019734707,12244400
2023-10-18,140.24899291992188,143.20585758984672,139.62456883402473,142.7099922282137,9097300
2023-10-19,139.87249755859375,140.59793301469057,137.8798164708964,139.2756068048366,7733800
2023-10-20,140.49693298339844,141.29583262833552,139.88168665763823,140.25818506965345,7207000
2023-10-23,139.01849365234375,140.95606619768492,138.85320987695275,140.36836719876788,5874000
2023-10-24,138.87156677246094,139.54192167754962,137.861466551882,138.4307960218783,6155300
2023-10-25,139.18377685546875,139.73473672755688,137.95327038292467,138.88074262048872,5880800
2023-10-26,136.82379150390625,139.5510856501333,136.7136023301106,139.5510856501333,7612500
2023-10-27,133.70164489746094,136.51158095388752,133.10475417208087,136.3554749520692,11385800
2023-10-30,135.01475524902344,135.20760028275015,134.06892763392355,134.15156950044394,8205300
2023-10-31,136.2177276611328,136.40138096099307,134.65665359454772,135.48310044984316,7576900
2023-11-01,136.5391387939453,137.52169170759998,136.32793818833065,136.99827907423332,5733000
2023-11-02,137.9624481201172,138.10936233061955,135.4830799064813,135.63919990013102,5349100
2023-11-03,138.9725799560547,139.82658818371632,137.87982382127194,138.85321300841898,4926800
2023-11-06,139.3031463623047,139.97348719106506,139.0001121217244,139.37661048231033,4851400
2023-11-07,138.56851196289062,139.80819615421873,138.36648914635052,139.51433968948862,4840400
2023-11-08,138.06346130371094,139.42251234836513,138.0542695322914,138.9817416874753,5460000
2023-11-09,135.37290954589844,138.20121516559286,135.22598130314455,138.20121516559286,6973600
2023-11-10,135.216796875,136.3646474426995,133.73836478332916,136.1350773291596,6930700
2023-11-13,135.56573486328125,135.81366047347476,134.66581001642427,135.21678384054707,5889300
2023-11-14,135.5933074951172,136.4013848398514,134.9596916825098,135.57493796105422,6713600
2023-11-15,136.64015197753906,137.20948144864374,135.23518382269395,135.308647949909,6729100
2023-11-16,137.83392333984375,137.89819569553026,136.49322750179,137.2829493764025,6875600
2023-11-17,137.54925537109375,138.46753604094025,136.88810617970722,138.24715764776175,7023300
2023-11-20,138.76182556152344,139.21537727767472,136.5680629150258,136.9105571715328,8851700
2023-11-21,139.88182067871094,140.0391767808315,138.4841182723069,138.93768406598764,5916300
2023-11-22,139.60415649414062,140.73341722134361,139.20612644457017,140.35391793452237,4633500
2023-11-24,141.15919494628906,141.32580229848259,139.6411556442879,139.6411556442879,3351400
2023-11-27,140.02992248535156,140.9925898379735,139.74297818041498,140.96480782144414,6449700
2023-11-28,140.35391235351562,140.5205197229502,139.62265345684682,140.1410063271629,5909000
2023-11-29,140.79818725585938,140.88149092546573,139.83553411761596,140.07619387116335,5190000
2023-11-30,143.15858459472656,143.60288504305794,140.62234187589075,140.93705410495645,12481900
2023-12-01,146.60195922851562,146.67601166451072,143.90836013093354,144.80622649679424,10342900
2023-12-04,147.06475830078125,148.11998066702768,146.25019572892217,146.25019572892217,8920300
2023-12-05,146.75927734375,147.75896378465012,146.4538164209149,146.99068584977167,7268200
2023-12-06,144.97280883789062,146.86111031937986,144.55627631593302,146.73152210979183,6642900
2023-12-07,143.84353637695312,144.93579198138076,143.20486069934313,144.93579198138076,6532400
2023-12-08,142.93643188476562,144.2600961391244,142.3995623523176,143.86206608745732,6254700
2023-12-11,143.5288543701172,143.91761908684234,142.8716619171028,143.01050141448366,6090400
2023-12-12,143.53807067871094,143.76947917793575,142.2236579739466,143.47326951938211,5324400
2023-12-13,144.20457458496094,144.3434282171087,140.4835345276059,142.23298294981308,10764600
2023-12-14,145.2042236328125,145.47266544401293,143.51957683543625,144.83397562487772,9240700
2023-12-15,143.62139892578125,145.03761805346238,142.32550263393054,143.92685989191628,21727800
2023-12-18,143.8805694580078,144.80620357534028,143.25113091371276,143.66767756575695,7231400
2023-12-19,144.82473754882812,144.86175670336831,143.4177695673245,143.75099845441596,6651500
2023-12-20,141.8719482421875,145.0098474040763,141.72384339037978,144.8987617031925,7008300
2023-12-21,143.32521057128906,143.5936524257935,141.89973997432713,142.26073678371776,4598600
2023-12-22,143.89907836914062,144.8894994770016,143.49179711953238,143.70468900035306,3798900
2023-12-26,144.5285186767578,144.72290806695918,143.33445681255557,143.47329628837332,4170000
2023-12-27,144.722900390625,144.8802564962242,143.86205331404608,143.9361057385732,5288100
2023-12-28,144.93580627441406,145.54672824269392,144.38968548037172,144.39893673780972,4377500
2023-12-29,145.08392333984375,145.23201409159253,144.38043224178915,144.87101728434916,4313700
2024-01-02,148.07371520996094,149.61952274501496,145.13019088867688,145.25977912143415,9622100
2024-01-03,148.99932861328125,149.434377788911,147.9163383646038,148.69386765226102,8232000
2024-01-04,148.6846160888672,149.9342137005842,148.49022670532577,149.57321695176958,6766600
2024-01-05,149.14744567871094,149.34182095451408,147.61088949104754,148.56429160318703,5602500
2024-01-08,149.51768493652344,149.63802189718376,147.74046904181336,149.1196690267337,6569800
2024-01-09,149.61026000976562,151.13755078753016,148.65685791532113,149.61026000976562,6357000
2024-01-10,149.8323974609375,150.52662308326083,149.2122242665488,149.78612705202778,4945100
2024-01-11,149.1659393310547,150.1378580244959,148.82345921133077,150.01753518797625,4946000
2024-01-12,150.3137664794922,150.3878189248169,149.66582523797544,149.80466474542197,4496900
2024-01-16,148.5828094482422,150.18415269948522,148.26808307810143,149.55472820731845,6923200
2024-01-17,148.49949645996094,149.30480786459682,147.98114353802296,148.3328890739342,5072100
2024-01-18,149.22146606445312,149.36955677286147,147.8144984041674,148.1014426895297,5368500
2024-01-19,149.65650939941406,149.87866666048993,148.36062735327565,149.1659244730863,7071300
2024-01-22,150.3877716064453,151.4152260104482,149.34180056592243,149.95272245458474,6824200
2024-01-23,147.92559814453125,148.57353925491208,145.24126463407202,147.78675866518427,9149800
2024-01-24,147.13880920410156,148.65684862972066,146.39829906681166,147.8700539605896,7247900
2024-01-25,147.6941375732422,147.74967334541935,146.6852000478851,147.17578486751935,5478900
2024-01-26,147.6386260986328,148.78641736738203,147.50903790087517,148.49945895715402,5591900
2024-01-29,147.50904846191406,148.1662548773445,147.13880047725667,147.1850708822974,6483200
2024-01-30,146.9629364013672,147.8793051608134,146.3705311165729,147.49980589759576,7200500
2024-01-31,147.083251953125,148.67534372544543,146.87036006614477,148.47170309474942,8256800
2024-02-01,146.58343505859375,146.70377202641137,145.3708564950869,146.39831104014473,8012000
2024-02-02,144.96356201171875,146.5371372116792,144.343388838019,146.2224249964983,8295900
2024-02-05,144.21380615234375,145.2227440053623,143.78800822061726,144.96356756833103,9121600
2024-02-06,146.30572509765625,146.92589825617668,144.0286730976028,144.24156498806667,9229900
2024-02-07,146.23165893554688,147.51828966199812,145.96323128357687,146.06505159102502,8690300
2024-02-08,144.7691650390625,145.63926333757735,143.76022727761665,145.63926333757735,9755000
2024-02-09,145.10238647460938,145.50966771051117,144.09344876461464,144.64883483612698,6529200
2024-02-12,146.1113739013672,146.62972682822033,144.72292250841429,144.93581443393083,6701500
2024-02-13,144.83395385742188,146.66670523214572,144.16749624405793,145.91694394812478,8621000
2024-02-14,144.15826416015625,144.82472186215185,143.32518497063379,144.72290154312319,9098800
2024-02-15,146.17613220214844,146.69448502704086,144.2970961498858,144.3803998273031,7462500
2024-02-16,146.0082550048828,146.67043712818858,145.1875078005998,146.05489095627058,8541000
2024-02-20,147.2300262451172,147.92952275631,145.9056478916806,146.0175627794577,9501700
2024-02-21,147.9948272705078,148.00416300029775,146.54921228260886,147.37928105007472,7472500
2024-02-22,149.6456298828125,149.9161098591395,147.14610230614338,148.27461546844899,8065000
2024-02-23,150.9420623779297,151.32445733431663,149.3751965536571,150.04671454443027,6726000
2024-02-26,149.96275329589844,151.10060235193652,149.75758069864375,150.90475125369008,5465400
2024-02-27,150.13998413085938,150.1959415959745,148.89021997229386,149.5430807841342,5078600
2024-02-28,150.6715850830078,150.7275425394217,149.49642157313178,150.15861801372034,6071100
2024-02-29,150.51300048828125,151.26845444319133,150.10262692480097,151.09124638338912,9849100
2024-03-01,151.20318603515625,151.622895395551,150.24254514117254,150.93272026836178,5670100
2024-03-04,149.07672119140625,150.7275372542111,147.61244895183478,150.45707148059574,8532900
2024-03-05,149.19798278808594,150.3824678423931,148.47982886352054,149.80420756423158,8298200
2024-03-06,148.61036682128906,150.09329605719392,148.49845192991313,148.72229594395841,5773700
2024-03-07,148.1720428466797,149.56171468252282,147.58447532334145,149.2259557129169,5188700
2024-03-08,148.7782745361328,149.58968607652457,147.7616619468967,148.17203558199452,5284000
2024-03-11,150.3731231689453,150.4570735830917,148.18137552828216,148.75030004198456,4620800
2024-03-12,151.7814483642578,152.1265288169974,150.27986168453532,150.69955681946368,8018700
2024-03-13,150.2518768310547,151.72547049248655,149.0487346978504,151.58557686364648,6260000
2024-03-14,148.4891357421875,150.6622258610041,148.0041474767279,150.102637152822,6988300
2024-03-15,147.52850341796875,148.47050137004607,146.52124074193347,147.41658850536396,13165500
2024-03-18,146.2041015625,148.00414676516834,145.96161454658295,147.89223187032877,6602300
2024-03-19,145.691162109375,146.29738682016622,145.17819507570042,146.1201787329609,7840600
2024-03-20,145.27146911621094,145.90568685600016,144.75851625605245,145.21551165737887,5982300
2024-03-21,145.2621307373047,146.38132247778574,144.65590602867186,145.1129013768952,5915800
2024-03-22,144.7771453857422,145.8310581971082,144.66523047879903,145.20617624784992,7248600
2024-03-25,144.76783752441406,145.47665572065048,144.46937876939026,144.9357099006424,7498100
2024-03-26,145.2808074951172,145.70982417484785,144.33880948328368,145.13157811464694,6864100
2024-03-27,147.32333374023438,147.56582079944678,144.97302090990462,145.48598798833123,8461600
2024-03-28,147.53782653808594,148.42385272683563,147.4632118589614,147.5471480362409,6181500
2024-04-01,147.15545654296875,147.50053703992424,146.21347274331598,147.0994990819811,4364700
2024-04-02,147.10882568359375,147.2020976093395,145.44868787066363,146.0269481939512,6102300
2024-04-03,143.8724822998047,147.40728041151613,143.8631608000053,147.16477910375806,8098200
2024-04-04,142.23095703125,145.02894307120903,142.14702086556153,144.85173501167142,6947400
2024-04-05,142.12840270996094,142.70664876315846,141.4009272781006,141.79264372361794,6783000
2024-04-08,141.3822479248047,142.73460515799334,141.35426919959556,141.75532131308424,5935400
2024-04-09,142.03512573242188,142.2589697924448,140.7760402519459,141.34496478545316,6135300
2024-04-10,140.0858612060547,141.59678366472573,139.67548755632419,141.326303654087,6809500
2024-04-11,138.7707977294922,140.71073674689092,138.3977385547712,140.64545779539762,8374400
2024-04-12,137.5863037109375,139.0319326728114,137.24120908993083,138.0899349346088,7100200
2024-04-15,137.65159606933594,139.42366259999005,137.44640926861499,138.37907136960317,8502300
2024-04-16,134.72305297851562,136.4018477976692,133.7344333159296,135.2453415375199,12774900
2024-04-17,135.02151489257812,135.61841814995475,133.87433010424328,135.2360232205098,9378100
2024-04-18,135.92617797851562,135.9821354268504,133.49192935689524,135.21734568282452,9887700
2024-04-19,137.9500732421875,138.15526007037997,134.80699186376418,136.30857861664762,9750800
2024-04-22,139.07858276367188,140.15115283286337,137.38114495929045,138.50965825220044,10118700
2024-04-23,139.48892211914062,140.35630515252586,138.2205012692072,139.76872355672594,10110400
2024-04-24,138.52830505371094,138.95733589535283,136.97076100410416,138.16456739220152,9756300
2024-04-25,136.93345642089844,139.5075986949085,136.47644686840596,139.31173339204193,7642700
2024-04-26,136.2992706298828,137.26923317916362,136.1220625123946,136.82155925113383,6183000
2024-04-29,136.93345642089844,137.30651556856566,136.1593451697594,136.29923879231103,6149600
2024-04-30,134.85360717773438,136.9894113175234,134.79764972975633,136.9894113175234,8817700
2024-05-01,140.99986267089844,141.62475886004435,137.67958756050768,138.7241788877566,14470900
2024-05-02,139.82473754882812,142.07245722373378,139.09726205566085,141.80197717320095,8459800
2024-05-03,139.21847534179688,139.79672128849526,137.8661181460667,139.79672128849526,6532700
2024-05-06,138.57496643066406,139.94598115203684,137.9500843965679,139.77809453753338,5042800
2024-05-07,138.7055206298828,139.6475043089718,138.4536978563716,139.32108108455665,7333500
2024-05-08,138.92005920410156,139.64753472487448,138.6868936081795,139.07861010157274,7735100
2024-05-09,139.7594451904297,139.9926107551576,138.86408316010397,138.9480193478948,6546200
2024-05-10,139.81539916992188,139.9832715413264,139.14388122171115,139.89933535562412,5710600
2024-05-13,141.0371856689453,141.76466108072427,139.6288708038443,139.93663682080765,5628500
2024-05-14,141.18641662597656,141.96052800488903,140.55219889270634,141.62476902405106,8254200
2024-05-15,142.38954162597656,142.6506859131193,141.11179891879263,141.59678726547045,5548000
2024-05-16,143.89114379882812,143.98441572477824,142.07245509318338,142.69733714941526,7591000
2024-05-17,144.2268829345703,144.43206975834843,143.35951391420488,144.43206975834843,6521800
2024-05-20,142.22425842285156,144.21748064064818,142.21484722794978,143.94482856883653,7742300
2024-05-21,142.19607543945312,143.46533881572287,141.7729733010273,142.70377792069382,5492400
2024-05-22,144.32090759277344,144.86622609872316,141.3310741783948,141.8199685522801,6609800
2024-05-23,140.74810791015625,143.7003389184499,140.44725100518875,143.6157242588963,8000400
2024-05-24,138.18138122558594,140.85154937817387,137.9839326473197,140.58829417137412,9520600
2024-05-28,135.7462921142578,138.01216674180492,135.5300354479353,138.01216674180492,10499800
2024-05-29,135.8026885986328,136.72408192711165,135.11634561338164,135.2197683382552,8263800
2024-05-30,136.59243774414062,136.90270588113495,135.40778932261634,135.97190147015198,8490300
2024-05-31,137.8993377685547,138.66089860798118,136.5078437119935,136.86512483521477,14621200
2024-06-03,138.90533447265625,139.99595699300716,137.99333813455615,138.44463070664386,7329200
2024-06-04,138.96176147460938,139.4412589952385,137.4480367373284,138.66089015837102,8876400
2024-06-05,137.24118041992188,139.1403910007772,137.12836085843855,139.12158295841903,5891300
2024-06-06,137.66424560546875,138.20956397400064,136.0094968069216,136.79926230079656,5016300
2024-06-07,138.28480529785156,139.43185200146706,137.58905118942369,137.90871617991775,5111600
2024-06-10,138.3318328857422,138.73611259072584,136.89332592979082,137.76770632224444,5749900
2024-06-11,137.98394775390625,138.36003690931818,136.74288940688282,138.03096069162453,5661200
2024-06-12,136.7146759033203,138.40704113025402,136.12234448731016,138.2660023259817,6180500
2024-06-13,136.75230407714844,137.26941776676995,135.27619519550473,136.39503726586685,6840400
2024-06-14,136.83689880371094,137.241192846187,135.84028766348428,136.4608240004936,4075300
2024-06-17,137.22238159179688,137.67367421436646,136.08474601356232,136.3480012389224,6666600
2024-06-18,136.9403076171875,137.6360617134377,136.57362970007802,137.23178205835944,6156600
2024-06-20,138.94296264648438,139.22502593758284,136.33860073459985,136.58306228184148,8749700
2024-06-21,139.85496520996094,140.1652334089618,138.55748262256384,139.0463913918684,15172300
2024-06-24,140.20281982421875,140.76694636914337,139.3096314166998,140.09000025376744,6914700
2024-06-25,138.38824462890625,140.27804425456696,138.1531942818489,140.25923620982869,5912500
2024-06-26,138.04037475585938,138.3882446788026,137.06255727780078,137.45744013943937,5267800
2024-06-27,137.0813751220703,138.54808709767426,136.1787754121333,138.02157657785085,5739200
2024-06-28,137.4198455810547,138.27543233250523,136.94033366616011,137.30701165301957,10495700
2024-07-01,137.68309020996094,139.80794013055018,136.91211820428637,137.3352202956774,5144400
2024-07-02,137.297607421875,138.3506283846871,137.02495533198066,137.67368223821228,5492000
2024-07-03,136.97792053222656,137.88050568592092,136.0847322262238,137.4574179984809,3246200
2024-07-05,137.72068786621094,137.78650884606003,135.85909323539153,137.0531529506968,4888500
2024-07-08,136.7804718017578,138.41642711714266,136.56422953444226,137.6454552173524,5260200
2024-07-09,138.256591796875,138.3318096157773,136.49840576598922,136.95910952689133,5890400
2024-07-10,140.4942626953125,140.53187877840037,137.9087093168124,138.45402775092865,6093200
2024-07-11,140.74810791015625,141.5754895048959,139.7514969963094,140.6352883640848,6350400
2024-07-12,140.9173583984375,141.85755958477063,140.31563021303754,141.03017794997137,5336400
2024-07-15,140.315673828125,141.26527215681094,139.9677895255415,141.1054396270125,6711400
2024-07-16,141.9798126220703,142.04563360833822,140.2404485863016,140.73875419594182,6469600
2024-07-17,147.2167510986328,148.07233789807702,142.36530796471064,142.48753874929872,13801400
2024-07-18,146.1260986328125,147.67743953751665,145.37393464989546,146.2953423434778,10166200
2024-07-19,145.4397735595703,147.15093284393694,144.9038518137996,147.15093284393694,7398000
2024-07-22,145.01666259765625,145.83463318814862,144.40552310726085,145.5149681696038,6840600
2024-07-23,143.23968505859375,144.32091090009325,142.50632913462576,144.14227034363077,6261900
2024-07-24,146.93467712402344,147.05690789974528,143.22088437533978,143.6251641006733,7168200
2024-07-25,150.09371948242188,150.97751090871006,146.67138767714184,147.12268023763707,10019600
2024-07-26,151.03396606445312,151.9177577562813,149.9339320479232,150.19718731616953,8356900
2024-07-29,149.07830810546875,150.43220020270633,148.59881063200234,150.4039953128749,5625000
2024-07-30,151.6826629638672,151.88950837781874,148.890264221853,149.05949355345047,6545700
2024-07-31,148.41078186035156,150.76128512487196,148.30735914285933,150.29118447196788,8293200
2024-08-01,151.14674377441406,151.193756704933,148.27914151507625,149.00308612900585,7213400
2024-08-02,154.32464599609375,154.9921952539215,151.37241438870163,152.21858984861427,11280400
2024-08-05,151.60745239257812,155.86656293069092,150.97751927318905,153.9955572682671,12032200
2024-08-06,149.4637908935547,151.8236908195342,149.43558600432112,151.4194111762982,7607100
2024-08-07,149.39797973632812,151.01512710818054,148.73044485216803,149.36977484524152,5993000
2024-08-08,150.6390380859375,151.09033064698448,148.57999515330854,149.08771183752677,5094800
2024-08-09,151.01513671875,151.30659684274863,149.8116801346907,150.5450360422789,4579200
2024-08-12,150.3193817138672,152.03054054326591,149.219347963611,151.34419764192646,7605400
2024-08-13,148.91847229003906,150.78006670901846,147.08508276026143,150.6860551937899,9711400
2024-08-14,149.0030975341797,150.00911980822715,147.987678411842,148.39197242965236,5141200
2024-08-15,149.57664489746094,149.96213093420545,148.40139308763173,148.89969870729246,7237800
2024-08-16,149.8586883544922,150.3758019516,148.721038440855,149.62363802365533,5012800
2024-08-19,150.08433532714844,150.70485727043015,149.61423468586446,149.92450283067186,4408400
2024-08-20,150.5826416015625,151.306586263349,150.12193780615306,150.43220595249005,7275100
2024-08-21,151.7766876220703,151.8237005559186,150.72366676626802,150.80828143939502,5019400
2024-08-22,152.6416778564453,152.77330545688525,151.17495186340136,152.31260168217923,6552100
2024-08-23,154.31524658203125,154.39986125734907,152.03054992411518,152.782713846163,7093400
2024-08-26,154.76654052734375,155.80076772234304,153.76051822435954,154.35284964934402,6870600
2024-08-27,154.36865234375,155.4012468137778,153.62026203245918,154.88969089223045,4388700
2024-08-28,155.2875518798828,156.31067805267242,154.14128166908765,154.4160031671855,5187000
2024-08-29,155.58123779296875,156.04543838442643,154.75705877130923,155.96018147636997,7390100
2024-08-30,157.1254119873047,157.23908787151527,155.18336705243584,155.47703939012942,7971000
2024-09-03,158.35696411132812,158.97272779811422,156.0928277193615,156.53807756865928,6956500
2024-09-04,158.5464324951172,159.95797082254163,157.29593983642295,158.97273155413544,6939100
2024-09-05,156.30123901367188,158.55589271807435,156.14966152532847,158.39484705741881,4600400
2024-09-06,155.72335815429688,157.20120248645824,155.477041128787,156.48121666447486,6016900
2024-09-09,157.83592224121094,158.5937952320723,155.8086203024112,156.15913059790427,7538200
2024-09-10,158.56536865234375,159.58849497263685,157.96854135170003,158.67904453619045,6559600
2024-09-11,156.1401824951172,158.0064241765716,155.44861567335087,158.0064241765716,5920200
2024-09-12,155.9696502685547,156.40543189239477,154.1412957752456,155.55281944276598,4540900
2024-09-13,156.80331420898438,157.0211977964731,155.19284327647554,156.06439208165418,3693400
2024-09-16,158.19589233398438,158.44219487699812,157.0496076131412,157.59906509083913,5187800
2024-09-17,158.2716827392578,158.88744633090707,157.1917041144562,157.4853908812419,5066500
2024-09-18,157.40011596679688,159.48426997965126,157.01171858733105,157.8548483633593,4722800
2024-09-19,156.1401824951172,157.60854413875717,155.7612388006102,157.47591745948571,4956100
2024-09-20,155.5149383544922,156.1875399316459,154.93706186083492,155.64756503556643,11839000
2024-09-23,154.62442016601562,155.83701094889625,154.1507514397272,155.74227142154962,4671600
2024-09-24,154.20761108398438,154.88022713030526,153.0423899007328,154.21707925596306,6041600
2024-09-25,152.1424102783203,154.7191694685473,151.91504407145678,154.4160145260626,5420000
2024-09-26,152.89077758789062,153.03287241132244,151.59293001647632,151.80134539432373,6122000
2024-09-27,152.90028381347656,154.82337799707716,152.8434458699573,153.46869215911872,7553800
2024-09-30,153.5255126953125,153.63918856946202,152.21818232170057,153.06132657238652,6010000
2024-10-01,153.45921325683594,154.1791845831131,152.69185770730627,153.87602963190776,4408000
2024-10-02,152.68238830566406,153.58235607006563,152.18976874153614,153.00447959730695,4684400
2024-10-03,152.0476837158203,152.9381833663065,151.78243034612967,152.31293708551095,4791200
2024-10-04,151.84872436523438,152.0476716042672,150.41824991726156,151.22349258946696,5331100
2024-10-07,151.12875366210938,152.38871430044483,150.83508134325365,151.81083783406876,4266000
2024-10-08,151.28033447265625,151.81084118361343,150.579299487335,151.09086985520352,4766300
2024-10-09,152.1897735595703,152.72976290844042,151.10980931705416,151.49822118674416,6047200
2024-10-10,152.05712890625,152.89079048797942,151.57399201059627,152.8623715208952,4793900
2024-10-11,152.9571075439453,154.0939095669377,152.7107905612286,153.63917719356314,5253500
2024-10-14,153.08978271484375,153.60133872795797,152.4266347406815,152.90030360495365,5964000
2024-10-15,155.45809936523438,157.96853811693717,150.6266720275443,151.57400958746595,10548000
2024-10-16,155.62860107421875,156.30121704970887,154.0749681750826,155.3633477345045,5982100
2024-10-17,155.80859375,156.3106814491461,155.01283375005775,155.60964652240318,4798000
2024-10-18,156.42437744140625,156.58542309626213,155.2970434021906,156.20649384427466,5908000
2024-10-21,154.2549591064453,156.54751400658986,153.76233958374297,156.4054191708211,6082700
2024-10-22,154.84231567382812,155.10756902458775,153.37393961805077,153.7718340994137,5680300
2024-10-23,157.1254119873047,157.25803867062515,153.8665683911739,154.2455120972498,7441600
2024-10-24,155.05072021484375,156.79381767054318,154.73809711867662,156.3106807702244,5386300
2024-10-25,152.40768432617188,155.28758439482306,152.15189911561126,155.06021815707746,6400400
2024-10-28,153.08978271484375,153.44029304873263,152.52137429562657,152.64453282600982,4842500
2024-10-29,151.65927124023438,153.6297351611049,151.63085226896612,152.95713356745705,5216900
2024-10-30,152.15188598632812,152.78660041646958,150.65509090791923,151.05297094822177,5820500
2024-10-31,151.44137573242188,152.39818141873138,151.0624465084954,151.56453423504848,8613900
2024-11-01,151.69715881347656,152.57817575178618,151.4603244379882,152.123457798311,5256400
2024-11-04,149.9066925048828,151.83925466135688,149.74564686311192,151.2897971719615,4644000
2024-11-05,150.01092529296875,150.23827708161556,148.1162499597085,149.36672816294293,6547100
2024-11-06,149.56565856933594,152.37925227840577,149.06357081905168,151.47927003240187,8926600
2024-11-07,148.47621154785156,150.38983746414945,148.2677961284912,150.12458410409516,7522800
2024-11-08,147.2825469970703,148.80776079199913,147.2257090658044,148.7319720652374,8926100
2024-11-11,146.8751983642578,149.28144368828725,146.75205431987888,147.42465584411318,7146800
2024-11-12,144.6016082763672,146.87521269639342,144.34582308116632,146.39207573232454,7181400
2024-11-13,145.17001342773438,145.42578416210594,143.44585212373863,144.46897842689697,7161900
2024-11-14,143.8721466064453,145.50156832070374,142.82060136590906,145.1131564626625,7716400
2024-11-15,145.8899688720703,146.29731704145308,142.95321696333576,142.95321696333576,11328500
2024-11-18,146.6194305419922,147.14993723501638,144.30792470362405,144.55422725246436,7510600
2024-11-19,144.94264221191406,145.8805115712834,144.04267444870177,145.84260997512632,8233700
2024-11-20,145.04684448242188,145.1794711535539,143.8153028474972,144.97105574817172,9061300
2024-11-21,147.31097412109375,147.84148078258494,144.76263405658136,145.5299750816113,10141100
2024-11-22,146.9983673095703,148.84567265875356,145.99419180976938,147.68991968024426,8266000
2024-11-25,147.5762481689453,148.76988832486654,146.96995269138182,146.99837166257822,12256200
2024-11-26,147.55714416503906,148.25424539355322,146.25842684315538,148.16830440056026,5683500
2024-11-27,148.39749145507812,149.57207673179872,147.63355203207965,147.66219903188156,4140400
2024-11-29,148.0250701904297,148.65533334681842,147.22292503023178,147.91048218789024,5687800
2024-12-02,147.82452392578125,148.0155087647843,146.99371729074375,147.77677407322818,6946500
2024-12-03,145.4944610595703,147.8245138212813,145.4467112102812,147.8245138212813,8674400
2024-12-04,143.68966674804688,144.73054671932016,143.00210952985245,144.4727091196942,10333100
2024-12-05,142.782470703125,143.60371875317477,142.23814852719377,143.24083730255396,7898100
2024-12-06,142.5819091796875,143.2885691337698,141.69382309433357,142.65830603184853,8389600
2024-12-09,142.85885620117188,144.09072089265194,141.75112365038945,142.56281292114443,8410300
2024-12-10,142.50552368164062,144.03343170417793,141.64608452597014,143.17397797729666,9398700
2024-12-11,140.0322265625,141.8084133325439,139.7743890037748,141.8084133325439,13446700
2024-12-12,139.6502685546875,141.11132389106152,139.43062211865976,140.567001729442,6176300
2024-12-13,140.01315307617188,140.30918183807393,138.50434769082673,139.09641978584378,8324900
2024-12-16,137.3679656982422,140.61475210859803,137.0528341147506,140.1181798038951,8732400
2024-12-17,139.81259155273438,140.05132624991293,137.23425973744799,137.35839187155833,10343000
2024-12-18,138.22740173339844,140.12773533447105,138.15100487508684,139.11548789025048,9336100
2024-12-19,137.11012268066406,138.67622182151445,136.9095791095895,137.64488610858214,9516700
2024-12-20,137.96002197265625,138.9149608582862,136.31752592367584,136.60401050360704,17702800
2024-12-23,138.72396850585938,138.78126250451018,136.9859728336639,138.11280823490046,8720800
2024-12-24,139.27784729003906,139.27784729003906,137.8263360519129,138.4661433796736,3164100
2024-12-26,139.02000427246094,139.774399578355,138.5520789743678,138.95315155650007,4656300
2024-12-27,138.5138702392578,139.99402823349809,138.16053298915855,138.341973685197,5588300
2024-12-30,136.88092041015625,138.35153428244564,136.5084948710301,138.31332857159666,6268700
2024-12-31,138.10325622558594,138.15100608384984,136.8522886236111,137.2820082055642,5811400
2025-01-02,137.53028869628906,139.20143157976784,137.30109814091938,138.68575647298846,6051300
2025-01-03,137.69264221191406,138.0555236564105,137.1483200451694,137.5780542067936,5878800
2025-01-06,137.1865234375,138.29425603894032,136.48940756159422,137.04327386231438,7910500
2025-01-07,139.64071655273438,140.547905627831,137.1196783441566,137.28201621475606,8422000
2025-01-08,135.85914611816406,139.02953533291765,135.06654517167328,138.93405019637285,11175600
2025-01-10,135.6586151123047,137.1960672936633,134.34079479365133,134.64638222977248,8821500
2025-01-13,137.96002197265625,138.53299113251865,135.8973504826049,136.53715778743165,10376400
2025-01-14,138.22740173339844,138.28469573432943,136.42256784801805,137.98866701537875,8681700
2025-01-15,138.4375,139.46883580897895,137.7594869378262,138.76217574415674,7434600
2025-01-16,141.11131286621094,141.3977974251432,137.56848344887553,137.8167768665148,8964000
2025-01-17,140.40467834472656,141.6938518079737,140.00360571801275,140.79620682718976,10773100
2025-01-21,141.47418212890625,142.1521951109424,140.4237581564577,140.91077171513027,11111700
2025-01-22,138.72396850585938,138.91495335843211,135.7063582930953,137.5111921066466,16834700
2025-01-23,140.0322265625,141.24500293154537,138.28468679106894,138.8863029043578,10506400
2025-01-24,140.20411682128906,140.97761489147547,139.78394143224725,140.19455810804132,9887300
2025-01-27,146.00059509277344,146.53535849869652,141.3309448622672,141.76066441551183,15152300
2025-01-28,143.60369873046875,146.07698667928418,143.5273018793474,145.78095798819476,10320600
2025-01-29,144.3389892578125,145.036105051187,143.24081550079015,143.71828488579277,7156400
2025-01-30,145.98150634765625,147.19428284195575,144.53955384078517,145.0647731549473,8911000
2025-01-31,145.29393005371094,146.27751583483416,145.2079890603024,145.74275244756828,8457800
2025-02-03,145.02655029296875,145.5995193990812,143.98567050236713,145.15069699924203,6687500
2025-02-04,146.5735626220703,147.2324581585896,144.14800989423304,144.53953830189957,9645000
2025-02-05,147.719482421875,147.75767356179773,146.4016622407942,146.8886903448681,8947000
2025-02-06,146.59263610839844,147.86270634108692,146.4685039845354,147.81495649135113,7418100
2025-02-07,146.22021484375,147.5284908227307,145.91464202473563,146.61174322327008,6204900
2025-02-10,147.28977966308594,147.4139118103825,145.42763717031553,146.68816349950097,6936200
2025-02-11,149.0946044921875,149.3428833428539,147.0032861188648,147.16562397174783,7554500
2025-02-12,148.2637939453125,148.64577821087994,147.31841385185393,148.27335265895783,7746000
2025-02-13,150.1641387939453,151.00448967065122,147.81498273915872,148.2638051781984,10704700
2025-02-14,149.1136932373047,150.37421949352108,149.02775223925636,150.2023229262142,6411800
2025-02-18,149.19068908691406,149.633468877384,147.50616946210758,148.37248796544128,9670700
2025-02-19,151.98216247558594,152.37682485718815,148.95965377170612,149.20029941592537,7974700
2025-02-20,153.70521545410156,153.96511692439032,151.07736850559772,151.07736850559772,7224000
2025-02-21,156.22718811035156,157.39190504879872,153.32018400254907,153.89773954560965,12546900
2025-02-24,157.61329650878906,158.70100497152328,155.9865293965267,156.59294650949553,10201900
2025-02-25,159.87538146972656,160.20265611249306,157.80583422463695,157.95985100517953,12303700
2025-02-26,156.97799682617188,158.95129440367535,156.47744968295726,158.90316232854656,11396400
2025-02-27,157.60366821289062,157.81543759112859,155.67850272916147,156.23680248198454,8364600
2025-02-28,158.84542846679688,159.73100293989833,156.61222917022448,158.16198817011426,12037200
2025-03-03,161.0208282470703,161.06896031825443,158.67212417660656,158.78764408501763,9191500
2025-03-04,159.23043823242188,163.62944849125128,159.13418876922952,161.79091189646425,11999700
2025-03-05,158.94166564941406,160.23153775130362,157.41116253777426,158.35448955976102,8744800
2025-03-06,159.62510681152344,159.66360366070757,157.39190767480014,158.82616132836026,8037900
2025-03-07,160.4529266357422,162.15670227623963,158.5373816077096,158.95129984256383,9637600
2025-03-10,161.42514038085938,163.54281970506986,160.79946740592737,161.21337097965346,17559000
2025-03-11,159.6539764404297,161.04009795862825,158.8742867584048,160.94383380792385,9890300
2025-03-12,156.75662231445312,158.06573557226162,156.1598109623171,157.60368523102431,8010700
2025-03-13,156.89137268066406,158.38336424015475,156.5737186005587,157.3148967662903,5286700
2025-03-14,156.71807861328125,157.04535318860698,155.07207050994884,156.053894235926,6235800
2025-03-17,156.74697875976562,157.3822869293345,155.67851127016266,156.3330752082224,6669800
2025-03-18,158.10421752929688,158.69139359743707,156.87211277776453,157.32452784770112,7348800
2025-03-19,156.89137268066406,158.21010638983233,156.14055928690502,157.8346996929528,5936400
2025-03-20,156.92022705078125,157.09348487688132,155.8710008039638,156.90097128526605,7485900
2025-03-21,157.5074462890625,157.98873774414088,156.40046712967248,156.9010143555519,17047100
2025-03-24,157.1801300048828,158.2389768997674,156.419696098809,156.74697070710167,8046400
2025-03-25,154.99508666992188,158.0464723853749,154.55229211897932,157.40154367149503,7456200
2025-03-26,155.66888427734375,156.4100771111182,154.6292931396444,155.17797236003315,7223500
2025-03-27,157.02613830566406,157.93096849602637,155.2838657717251,156.27532488979918,6752500
2025-03-28,157.58444213867188,158.3641318837696,156.81437293428394,157.4689222109122,5760300
2025-03-31,159.6347198486328,160.39516844686892,158.08496103251497,158.21972203009707,12481400
2025-04-01,147.51580810546875,155.75551418857998,147.40030287427382,154.7159230442836,23303100
2025-04-02,149.54685974121094,149.96076328216213,147.70832312534768,148.2473671265155,10356900
2025-04-03,153.83999633789062,154.6389271687397,151.58754133246984,152.81002565026958,13249300
2025-04-04,147.50619506835938,153.83999171968495,147.2077820595149,153.20468354010333,16601700
2025-04-07,144.9842071533203,146.99601623650406,141.8846895650138,145.619515284852,18083000
2025-04-08,144.3874053955078,147.8430737728905,142.46223999023437,147.8430737728905,12018400
2025-04-09,145.32113647460938,147.45807161244494,136.2054755573344,136.87928062605533,18773700
2025-04-10,143.12643432617188,145.54251178964003,139.6996420173064,144.74356632852965,13830500
2025-04-11,146.0526885986328,146.6494999406237,142.64515184506152,143.74249568311143,9943900
2025-04-14,148.5842742919922,148.88267259526904,145.51363296087104,145.91791595445713,10685300
2025-04-15,147.87196350097656,150.45169301587987,146.4088482354142,149.87413746673573,10847700
2025-04-16,148.151123046875,149.80676664655024,146.54361152502074,149.55648571702037,7986900
2025-04-17,151.57791137695312,153.4742006265208,148.39176472867018,148.39176472867018,10981100
2025-04-21,151.04849243164062,152.30947355975457,149.67200606670647,152.0495867769091,6285400
2025-04-22,151.847412109375,152.78111844919562,150.41315868201704,151.6548985181208,7136300
2025-04-23,149.5661163330078,151.2217598816267,148.5554014813275,150.63458380115318,9099400
2025-04-24,149.1329345703125,150.06664098881706,147.698695709936,149.97039152900174,8310400
2025-04-25,148.7960662841797,149.10408517416602,146.74576000927755,148.5458000180752,8643600
2025-04-28,149.53726196289062,149.98004187931286,148.0645112755803,149.6816435252349,5815200
2025-04-29,150.07627868652344,151.14474611663368,148.51688465824142,149.63348416297495,5246700
2025-04-30,150.4613037109375,152.28058447749746,149.2195784557302,152.28058447749746,9598200
2025-05-01,148.6805419921875,149.28695915312142,147.6216950638147,149.2003302283948,7325800
2025-05-02,150.27841186523438,150.8559673812853,149.23882074905086,150.23029447876922,5974500
2025-05-05,149.2003173828125,150.92333394025843,148.9404159431616,150.80782871723414,5464100
2025-05-06,148.69015502929688,150.06664127887538,147.939341677191,149.02706485891864,8644200
2025-05-07,151.41427612304688,152.03032852242876,148.7190413678083,148.95006652551942,7853100
2025-05-08,149.83563232421875,151.15436597342557,148.98855481578678,149.98964908717855,7606100
2025-05-09,148.44952392578125,150.22067279248463,148.0548614438321,149.60462037415962,6520400
2025-05-12,148.3725128173828,149.54686501326165,145.52326125496006,146.33184197306454,9023800
2025-05-13,142.88577270507812,146.02378689574368,142.5392423592255,146.02378689574368,10549600
2025-05-14,140.8836212158203,143.25158140043052,140.6525960528821,143.10718516565112,10216000
2025-05-15,144.01199340820312,144.05049025223383,141.8173061023059,142.46223472670286,7945800
2025-05-16,145.6676483154297,145.8312856192595,143.63659813942314,144.0697574363664,8051200
2025-05-19,146.78424072265625,146.9478780185707,145.39811928920884,146.2066852294377,12639900
2025-05-20,147.91046142578125,148.27623286458655,146.42807584039545,146.63022467034673,7351500
2025-05-21,147.4484405517578,148.65166916843367,147.27518268112416,147.45807578091478,7032200
2025-05-22,146.89974975585938,147.58318995096408,145.7061418932477,146.93824660207738,7535300
2025-05-23,147.2174072265625,147.7371954457021,146.514725935996,147.27515984115055,6727300
2025-05-27,148.78045654296875,149.54740963775973,147.49894729443804,148.07175117515354,6990700
2025-05-28,147.98435974121094,149.15907651243762,147.49894228122335,148.80957534869594,8459300
2025-05-29,149.10081481933594,149.54739054497975,147.13972431685121,147.32418530456823,6810600
2025-05-30,150.68328857421875,151.1687060152862,148.75132182581495,149.41148243505967,15529700
2025-06-02,150.86773681640625,151.00365310920873,147.85815752898998,149.97457049030925,6669300
2025-06-03,149.9163360595703,151.1201767695379,149.58625572117742,150.28525809293072,8209800
2025-06-04,148.75132751464844,150.41144693088043,148.66395592721838,150.41144693088043,6983900
2025-06-05,149.17848205566406,149.595933917823,148.1882263910175,149.19788808616187,5295400
2025-06-06,150.508544921875,151.47937989644106,149.50858608317324,149.50858608317324,5391500
2025-06-09,150.7026824951172,151.4405264270542,149.94543253300756,150.3337753429122,5319000
2025-06-10,151.88711547851562,152.84824735194303,150.49882869732974,150.89685974350843,6791600
2025-06-11,150.73182678222656,152.03275685451254,150.21728545141227,151.74150341105252,6016000
2025-06-12,152.09100341796875,152.11040945062305,150.64445404189198,151.6832545257475,7075500
2025-06-13,152.51817321777344,153.07154142395083,151.42112500798427,151.42112500798427,6587500
2025-06-16,150.69300842285156,151.93567602569203,149.94546133225077,151.8580074487937,7024000
2025-06-17,147.9358367919922,150.7512522666013,147.6640041867375,150.45029579748117,6407100
2025-06-18,146.3339385986328,148.19793980693774,146.31453256677307,148.12028605196923,8325200
2025-06-20,145.42135620117188,146.98440101548601,144.69323001090936,146.8484847191876,22605500
2025-06-23,146.90673828125,147.01351589474922,145.37281742317523,145.37281742317523,7397900
2025-06-24,147.7513885498047,148.26592994092508,146.57667162188235,147.0815099954642,9544200
2025-06-25,147.8387451171875,148.60571302399958,146.3339479807507,146.9649995870065,7153700
2025-06-26,147.5766143798828,148.75133117918787,147.11061775501065,148.24649286087973,7156900
2025-06-27,147.96495056152344,148.85811689125123,146.6057728142086,147.57660771353423,10010800
2025-06-30,148.29502868652344,148.5086135463286,147.10090592580522,147.72223965966626,9039300
2025-07-01,151.37258911132812,153.14921891185614,148.35329171487336,148.53775273225983,10896700
2025-07-02,151.0230712890625,151.74149443191655,150.54737167953348,151.45024100569117,5544000
2025-07-03,151.4599609375,151.72209053175558,150.36292747592347,150.89687486757919,3482500
2025-07-07,150.7415313720703,151.79003478817216,150.37260938850739,151.46965750988292,6270900
2025-07-08,151.24635314941406,152.18806412896572,149.71244713889567,149.97456187968828,6438200
2025-07-09,151.72207641601562,152.1201222788215,150.54737448714403,151.24636198385022,6147400
2025-07-10,153.09095764160156,154.59575469827723,151.27550112030607,151.54733370701027,6732900
2025-07-11,152.32398986816406,152.59582245503373,150.6541526552419,152.50845086934666,7872000
2025-07-14,152.24632263183594,152.877359335388,150.98423441096818,152.29485252152176,10185600
2025-07-15,150.64443969726562,152.60553021348542,150.28523554841496,151.79973552209924,6873200
2025-07-16,159.97418212890625,161.27509740865995,155.13942821811423,155.62484569388195,22134800
2025-07-17,158.22666931152344,159.896506540005,157.5665086840501,158.42083333055885,11295700
2025-07-18,158.92567443847656,160.28485222326432,158.59559411890905,159.14896232362338,9792600
2025-07-21,159.56642150878906,160.1100866715211,158.03250062035818,158.993632484751,8254000
2025-07-22,163.0323028564453,163.1585161378835,159.90622800720854,160.18776361914905,9288000
2025-07-23,164.16819763183594,164.187603665121,161.7313924018662,163.68278015192368,10617600
2025-07-24,164.61477661132812,165.0322433553102,163.9546159364473,164.55652888281114,6636900
2025-07-25,163.3915252685547,164.92544626927946,162.5566066178758,164.79923298520387,6254900
2025-07-28,161.37216186523438,163.0419989086547,160.23628692530835,162.96433034689522,8014600
2025-07-29,163.2070770263672,163.8575347169839,161.51781874596693,161.80907221690035,7663400
2025-07-30,162.38185119628906,163.6924843268324,161.9158545601304,162.809020951837,6189200
2025-07-31,159.93536376953125,162.1974111047723,159.44022843705955,161.09064497984332,11036200
2025-08-01,162.44981384277344,162.73134946001136,159.98388477586158,160.65376326107594,8927800
2025-08-04,166.0515899658203,166.19722408485885,161.77992245511788,162.15854746259484,12679100
2025-08-05,165.76034545898438,166.55642232243915,164.7021242278321,165.56616664050682,7934400
2025-08-06,165.61471557617188,167.15833945166182,164.7312522963263,164.95455498052752,8957200
2025-08-07,166.5272979736328,166.61466955343286,164.9642532975659,166.17779684066866,9315900
2025-08-08,168.27481079101562,168.88644150314138,165.4205538861148,166.03218459824058,7686800
2025-08-11,168.7505340576172,169.5077841152882,168.00298701625698,168.34277035231864,7256800
2025-08-12,167.7408447265625,169.6630935877668,166.7991337339934,168.92526443239652,7916700
2025-08-13,169.33303833007812,169.4495337892654,167.66320095081733,167.9544544125519,5878700
2025-08-14,169.624267578125,170.5951024361437,167.68259786208765,169.22622173103392,8241700
2025-08-15,171.48828125,172.09991199561782,169.85728568003967,170.449495579225,9477600
2025-08-18,171.10964965820312,172.39115882582487,170.9640303499574,171.35235838112257,9284000
2025-08-19,172.6144561767578,172.98336338248222,170.8475294663219,170.90577719281706,9274200
2025-08-20,173.62411499023438,175.34249696086658,172.80861720591466,173.2940346699762,9030000
2025-08-21,173.71148681640625,174.82795587353638,172.96395458663858,173.34257961657462,8859600
2025-08-22,174.0609893798828,175.87646078588406,172.29407749726226,174.78911558281357,9524000
2025-08-25,173.2066650390625,175.00270078812704,173.09015477301065,174.28429241400747,6229100
2025-08-26,172.60032653808594,173.25555855769375,171.8961934884329,172.85459100282205,9145000
2025-08-27,172.89370727539062,173.77388107111656,172.27760203313207,173.06974800353566,5951100
2025-08-28,171.58323669433594,172.6003243855948,170.78131651709248,172.48295893045014,6424700
2025-08-29,173.2653350830078,173.50005107682512,171.5832411002324,172.0917849589202,6942300
2025-09-02,174.13571166992188,175.2505864747156,172.99149923256772,173.55871833290118,9049000
2025-09-03,174.0770263671875,174.36062843975182,172.63942276462492,173.75429750513285,7111700
2025-09-04,174.82029724121094,174.9572111798103,173.6369728267095,174.0770522777431,7854800
2025-09-05,174.49757385253906,175.55377352193983,172.66879155998896,174.07705778585665,9733800
2025-09-08,174.2041778564453,175.49507846966029,172.8056860260886,173.45114379394553,8382500
2025-09-09,173.05996704101562,174.16505270823302,172.561197432737,174.07703980883056,6005700
2025-09-10,171.91574096679688,172.71767607189588,170.4879264017414,172.41451057887036,6891600
2025-09-11,174.56602478027344,174.9083170723718,171.75928170606494,171.87663224164177,5792500
2025-09-12,174.13571166992188,174.85940809224365,172.8252476738922,173.79343431588362,7220200
2025-09-15,173.49024963378906,175.0452187336727,173.0306068383358,173.8423161383384,4768100
2025-09-16,172.5709991455078,173.7054225283811,171.7788382257642,173.65653641793406,7959300
2025-09-17,173.294677734375,174.57580419407594,172.69812095667075,172.81548641822724,6714900
2025-09-18,170.32168579101562,173.118654756769,170.0380687536577,172.7079129408542,8200900
2025-09-19,172.30694580078125,173.25556913608068,169.50997682791382,170.8400043448543,25621000
2025-09-22,170.37057495117188,172.74701277532031,170.2825471290745,172.20913129583226,7193900
2025-09-23,172.68833923339844,173.06974339129886,170.97690764134543,171.0355829083302,8350400
2025-09-24,172.79591369628906,173.05017815802412,171.86685382639274,172.25803221713883,6676800
2025-09-25,173.81298828125,174.46822029996832,172.03310718551506,173.29467019297286,8475000
2025-09-26,175.74937438964844,175.9449636012685,173.41204824291282,174.66383710428167,8634400
2025-09-29,177.6172637939453,177.861754032588,175.83738261632647,175.86672025116357,8597100
2025-09-30,181.33351135253906,181.8909562377616,177.07939031912738,177.69549554924257,11569000
2025-10-01,181.94961547851562,182.44837012991513,179.85677989838146,181.90071445249654,13063800
2025-10-02,181.88116455078125,182.47772129847561,180.03281904112157,180.1306211004154,7728100
2025-10-03,184.4825439453125,185.59741877662566,182.79067576325374,182.9373639295453,8675100
2025-10-06,184.01312255859375,185.7343283333897,183.2405251076493,183.85664523656718,5806100
2025-10-07,184.72702026367188,185.05952336389973,178.90815631969247,179.71986559789434,8776800
2025-10-08,185.5093994140625,186.0277174802343,184.12069677238543,184.70746433960892,5751200
2025-10-09,186.8687744140625,187.86629873092122,185.54852120285247,185.81257482959435,7484800
2025-10-10,186.5167236328125,187.83697695548656,185.66590233564514,187.77828676042273,9598000
2025-10-13,186.69273376464844,187.08392708636944,185.1084418485517,185.64632333935597,7979500
2025-10-14,186.6438446044922,190.1155938776849,181.78337771502342,188.66821591723416,13613300
2025-10-15,186.956787109375,189.303902268661,185.1280049658996,187.25995260668918,9473000
2025-10-16,187.88584899902344,188.7953604231518,186.23309264058008,187.12304066781874,10611800
2025-10-17,188.9616241455078,189.33325409782032,187.4555558606101,188.2574910371791,7764400
2025-10-20,189.45059204101562,190.19383697370563,188.0912269488921,189.23543944319755,8034700
2025-10-21,187.65115356445312,189.28434657507717,187.5435772620767,188.75623930068377,6716000
2025-10-22,188.6877899169922,189.18654463424633,187.55335162255136,187.7685042274453,6343100
2025-10-23,188.2281494140625,189.72442850694094,187.31863795069512,188.31616232011413,8882500
2025-10-24,186.20375061035156,188.0716595229833,185.24535310037527,187.96408322637888,6903400
2025-10-27,186.10595703125,186.59493746752628,185.35292298108493,185.8027915483585,7126000
2025-10-28,182.81024169921875,185.33338285793897,182.50707617825827,185.08889260909982,8329500
2025-10-29,182.4875030517578,182.97648348338365,180.59025658944984,182.58529018458387,10551100
2025-10-30,184.88351440429688,185.2062432977132,182.79067863812693,182.95693020337183,7072500
2025-10-31,184.70748901367188,185.32360921793432,182.64399070991252,183.32857534687105,8791700
2025-11-03,182.15499877929688,184.86395475347013,181.43131723621426,184.83461711915595,7542600
2025-11-04,182.7417755126953,183.68062454846097,181.52909861701866,182.71243787931192,7209400
2025-11-05,181.90072631835938,183.69039654541731,181.31394381284895,182.52662069373764,5049400
2025-11-06,182.849365234375,183.38724675672773,181.28462170071253,182.64398686311296,6767400
2025-11-07,182.4581756591797,184.1989448996594,181.607339513103,183.6023881426973,6959200
2025-11-10,184.25762939453125,184.26740363210232,181.0401294561404,181.90073988239695,5323800
2025-11-11,189.55816650390625,189.64617940511584,184.88351451022683,185.2160176409071,7465600
2025-11-12,190.10581970214844,191.2402579332056,188.8149190674103,189.09852116392503,8803000
2025-11-13,190.94686889648438,191.68033958366678,189.18653626274676,189.92979610949115,8631600
2025-11-14,191.61187744140625,192.8343286012861,189.2843405802947,190.7023809412554,8824800
2025-11-17,195.18145751953125,195.86602723274726,191.58255329183768,192.6192044832797,13257000
2025-11-18,195.59217834472656,195.88556959674344,194.1545746400929,194.62399168982054,12468600
2025-11-19,198.04685974121094,198.99548302359867,194.9858522212118,195.59218321397532,14690800
2025-11-20,198.59451293945312,200.00276399995727,197.1275716942422,197.54808768840363,10612600
2025-11-21,199.40623474121094,202.37924443061647,198.51630160439882,199.46492493399532,13189100
2025-11-24,201.50885009765625,201.57729960220274,198.52606631385947,199.2204251313988,14803900
2025-11-25,203.39846801757812,204.43184980513072,201.93204890821323,201.93204890821323,10275300
2025-11-26,204.2743682861328,204.52041084092286,202.68001733661194,203.22131396059922,6729000
2025-11-28,203.64450073242188,204.17596106247692,201.39075752943597,203.723236152328,5638300
2025-12-01,202.08949279785156,204.41213492726783,202.08949279785156,203.2311337635677,8473700
2025-12-02,202.1682586669922,202.3552534243867,199.88499140883843,201.9911152235112,8393600
2025-12-03,202.0796661376953,203.74291615515872,201.7450518785209,202.6406353348706,8363300
2025-12-04,199.2747802734375,201.61711018295784,198.516980022795,201.3513800209524,9049900
2025-12-05,198.7334747314453,200.2294175909977,197.63120894927246,199.76685641085484,7785300
2025-12-08,198.4283905029297,200.04242902685974,197.80837348995507,199.45193591844364,7785700
2025-12-09,196.794677734375,202.28633417756814,196.74546622144234,199.70781308614636,7509400
2025-12-10,203.2705078125,203.5264016771889,197.01118469940698,197.41469808815052,11599800
2025-12-11,206.68557739257812,207.89611754570484,204.54009357423172,204.60897767896304,9009000
2025-12-12,208.23074340820312,208.90982328382495,205.65222215734576,206.95131907907103,6922700
2025-12-15,210.77972412109375,211.78358190224785,205.7014024249555,207.020201869705,8467000
2025-12-16,205.98681640625,211.33085313861852,205.50456762418247,210.61241313043203,9949800
2025-12-17,207.00051879882812,208.1716837329721,205.16012534074213,206.0753964132944,8457600
2025-12-18,205.0124969482422,207.7189650641044,204.47120032162059,206.47891598813604,7499900
2025-12-19,203.10321044921875,205.9277892890467,202.76859616710203,204.27437545387346,24803900
2025-12-22,204.03817749023438,204.7861414522214,202.2469804791725,202.86701252411635,8187800
2025-12-23,202.5225372314453,203.2606648620441,200.062111796116,201.77457330531342,7047300
2025-12-24,204.4908905029297,204.64836134488127,202.31588269030175,202.73906868364486,2376500
2025-12-26,204.34327697753906,204.7467753731806,203.43784213558678,204.24485394411636,2316700
2025-12-29,204.2743682861328,206.1541370088678,204.09722485496195,204.70740558532265,4348900
2025-12-30,203.63465881347656,204.4023103648072,203.25083303781125,204.22515192059876,3937400
2025-12-31,203.6740264892578,204.21532312025465,203.10320595268348,203.63466628756984,4083800
2026-01-02,204.0677032470703,204.10706344869166,200.4557852869147,203.546094226423,6325500
2026-01-05,201.0758056640625,202.68000785174,197.72963308240787,202.6111087313451,9477000
2026-01-06,201.54820251464844,203.43782245629845,200.88881030279188,201.3612227968269,8107900
2026-01-07,204.20547485351562,204.96327507524262,201.78440961736555,202.01076455260576,7545900
2026-01-08,202.49301147460938,205.67187690313673,201.72535994719092,203.6543250611801,6557800
2026-01-09,201.15455627441406,203.4279871432506,200.78056677486651,202.65049925535806,6154300
2026-01-12,206.4001922607422,206.57733570281036,200.62311752440314,202.2962039964493,11794300
2026-01-13,210.26797485351562,210.99626626878933,205.55380580783304,206.58718760792846,11379600
2026-01-14,215.09039306640625,215.3954834155094,210.76003531994849,211.33085581905067,11858800
2026-01-15,216.09426879882812,216.27141223538436,212.4922020830553,214.77546925195344,8492100
2026-01-16,215.1986541748047,216.62569792580305,214.68688147872595,215.57262862976077,10021500
2026-01-20,214.7557830810547,215.2675407658023,211.10450508023746,213.6535022600511,14057100
2026-01-21,214.55894470214844,215.2183369488501,207.16783174078773,207.65991685181098,14762900
2026-01-22,215.03134155273438,218.65308049768686,214.6475157947938,215.30690799344836,13160000
2026-01-23,216.65521240234375,217.7082816525637,214.3916180937846,216.32059816137917,6950600
2026-01-26,217.98387145996094,218.51531678098806,216.5174523988691,216.72413475647446,6856700
2026-01-27,220.88714599609375,221.93036392932171,217.2063443100824,218.48576848030785,8154100
2026-01-28,224.11524963378906,224.95180034983713,222.5012110309432,222.81613770071385,9026500
2026-01-29,223.69204711914062,226.35915507566392,223.48537977851197,225.18799008794784,9645300
2026-01-30,223.6526641845703,224.88287685885288,221.76305931894166,224.6466706191826,11045500
2026-02-02,227.0972900390625,227.53032736107303,223.65269409047434,224.70576348874965,8187500
2026-02-03,229.4100799560547,231.47682836867276,226.83154381662808,227.83540162689715,9346600
2026-02-04,230.75839233398438,232.0968644318395,229.2526131010531,231.28000134841176,8641400
2026-02-05,234.02581787109375,235.78749088320203,231.27015341178193,231.2799897072634,10267500
2026-02-06,236.19100952148438,237.125968199395,234.21281782672844,235.17731542623193,8274000
2026-02-09,234.86236572265625,236.9291290597546,233.28768746417705,236.44688027649968,9378500
2026-02-10,234.5769805908203,236.69294058079808,234.1144193808212,236.1811678557945,6723300
2026-02-11,237.0472412109375,237.4409032943991,233.6420056217357,235.55129826274083,6803900
2026-02-12,240.6788330078125,242.45034242715968,235.88591377085012,236.67325295914287,10254300
2026-02-13,239.5962371826172,241.0724925134001,238.76953780151774,240.71819063332237,13268500
2026-02-17,239.47813415527344,240.61977517991008,238.04123907016248,240.26547331078993,12703000
2026-02-18,241.11187744140625,241.19061286428817,238.97622977894102,239.38957948613626,8129700
2026-02-19,243.00146484375,243.05067635662348,240.4032561468311,240.74770670245476,7553900
2026-02-20,238.6514434814453,242.97195017239758,236.47642067464778,242.56843677564507,13565800
2026-02-23,241.94839477539062,242.90304105661139,238.75969298572113,239.77338707530683,9622700
2026-02-24,243.66995239257812,244.62967365472286,241.9483872724562,242.74981566951382,7246300
2026-02-25,242.57171630859375,244.62967453289602,241.1370862518812,242.26500406647128,7698200
2026-02-26,240.88973999023438,242.8685442682355,239.45510990809925,242.51235889431217,7172600
2026-02-27,245.79718017578125,246.3017849576054,239.93003240320007,241.44381655451372,16428600
2026-03-02,245.92579650878906,249.04242234613034,244.2537044562187,246.54912469567304,9042400
2026-03-03,244.13497924804688,245.25300850282142,241.7703087256774,243.84805926874753,6178700
2026-03-04,242.70034790039062,243.95689284505667,240.6028050981046,243.14557584386296,5768000
2026-03-05,237.09043884277344,240.42471921230697,233.42963885940884,240.0586452528019,9375400
2026-03-06,237.85226440429688,238.23813062850368,232.93493464369223,235.596428770922,7179800
2026-03-09,240.01907348632812,241.5031767703235,237.4960948841201,238.31730051291373,7844000
2026-03-10,241.12721252441406,242.40353469704283,238.26784082105456,239.732151823879,7214100
2026-03-11,240.41482543945312,241.10740390076984,238.80209516039704,240.29608691960013,6933200
2026-03-12,239.4748992919922,241.8098890629796,237.7533491444783,238.90105930754044,7710200
2026-03-13,238.96041870117188,242.9872777226232,238.94062643039297,241.62191298046335,6415300
2026-03-16,240.6127166748047,242.46289390576842,239.10882114586636,241.3349760333344,7571500
2026-03-17,235.5865478515625,241.55264164150105,234.70598053704475,240.99857884994995,7281800
2026-03-18,234.76535034179688,236.57595816042422,232.9250616652477,235.349094010365,6811500
2026-03-19,235.0819549560547,236.72435103784144,233.80561773863002,235.81410287893596,7511500
2026-03-20,232.87557983398438,235.76463230802105,232.01480479225953,234.32011361954207,17156600
2026-03-23,232.925048828125,235.78442039461373,231.7674501417346,234.88406082839504,7313700
2026-03-24,232.77664184570312,233.49890116874656,229.77875461897233,231.65861261497415,9046200
2026-03-25,237.3872528076172,238.90105200048887,233.2317667584392,234.29043431536925,6456400
2026-03-26,236.70458984375,239.0890376929306,236.3978624775069,237.45653008741147,5171400
2026-03-27,237.90174865722656,240.10811126821832,236.59574564385582,238.63391169766768,7617600
2026-03-30,239.92013549804688,241.62190842303258,237.96110834902544,240.90953765922094,7241300
2026-03-31,241.84947204589844,242.73003938495026,240.0784336838334,240.43461907362286,7554200
2026-04-01,241.53285217285156,244.58021265880902,241.1568896154117,242.99717824988343,6314600
2026-04-02,240.46429443359375,244.59011472810894,239.30669571751412,242.5123641523277,6878700
2026-04-06,238.41624450683594,240.9392230850874,237.95122427449988,240.07843292252966,4442400
2026-04-07,235.8833770751953,238.22825540792763,233.50880278778567,238.22825540792763,6241100
2026-04-08,238.7427520751953,238.77243293320464,231.42116679227811,234.13213423473948,8771100
2026-04-09,238.7526397705078,241.61201149233705,237.9907958579282,238.7427511835681,6216500
2026-04-10,235.93284606933594,239.69256220529843,235.38867186110593,239.43532307826192,7354500
2026-04-13,235.43814086914062,235.8635765445355,232.68758901903882,235.19079033309842,7663600
2026-04-14,237.5554656982422,239.62331259842583,230.77805483364233,232.5193972079424,10318700
2026-04-15,236.14060974121094,237.8720635067345,234.24095942154312,237.3971547010872,6463500
2026-04-16,232.0543670654297,235.61622074367995,229.6600157416919,234.90385000802988,8668900
2026-04-17,231.6981964111328,233.0437839864675,229.58087633934963,231.87629665489436,8946300
2026-04-20,228.2451934814453,232.7667536363879,227.09748331847635,232.32152567058696,7810500
2026-04-21,223.76319885253906,227.25578731208446,222.31866503864154,226.91939419688882,11681200
2026-04-22,223.70384216308594,225.06920692516337,221.40842182578342,223.7829810531976,9003400
2026-04-23,228.20559692382812,228.93775994036045,224.6239660179549,224.84163569592187,7097600
2026-04-24,225.08900451660156,227.5526214735122,224.61409567930932,226.60278870184794,6067500
2026-04-27,222.95187377929688,225.49464451628538,221.97237532645164,223.37732454840338,7897800
2026-04-28,225.37591552734375,228.58158401963007,223.97096624596244,225.31655381218496,7179800
2026-04-29,224.9405975341797,226.28618513799105,222.47698060671547,223.12998968586206,7071100
2026-04-30,227.41409301757812,228.71020743451083,225.3957041523519,225.53421985117495,8157200
2026-05-01,224.7822723388672,227.33493164601464,224.61407578841013,226.63244949097316,6863600
2026-05-04,221.82395935058594,224.66355379145187,221.2105348477109,223.12007375353997,8215200
2026-05-05,223.15966796875,224.12927789209027,222.51654748413543,223.00135999434525,5556700
2026-05-06,222.23951721191406,223.94129020275372,220.58721735046336,222.86284542864004,7982300
2026-05-07,220.15185546875,222.39780245918467,218.29178978986636,222.39780245918467,7269700
2026-05-08,218.9744873046875,221.00274959951292,218.578717393272,220.5773139289545,5550600
2026-05-11,219.08331298828125,220.91371302266228,218.034549114472,218.97449324390374,6223200
2026-05-12,221.88333129882812,225.2374041432973,219.30099096037276,220.63668996536256,8632500
2026-05-13,227.97804260253906,228.35402025227188,223.0508241008666,223.42680175059942,7464500
2026-05-14,228.35401916503906,229.3038367743656,226.7314002434507,228.55189657555886,6974400
2026-05-15,224.307373046875,229.6798195939985,224.0402302332647,228.324343449484,12167000
2026-05-18,226.4939422607422,227.26567474324526,223.46637404521803,224.30737192600984,10141600
2026-05-19,227.56248474121094,228.40348257147707,225.62324996765844,226.5137209227187,9677900
2026-05-20,226.88970947265625,229.54130000194294,226.74129009113187,229.2345877493695,7353800
2026-05-21,229.27415466308594,229.43246262946704,224.94058353722363,226.88970696918975,5239000
2026-05-22,231.85650634765625,233.0042165151488,230.25367962562382,230.53071103197314,5462300
2026-05-26,229.0503387451172,232.0953339431715,227.9557463234551,231.85650632452897,6619600
2026-05-27,230.15489196777344,231.74704572535882,227.89604337347495,228.85132348090337,5835500
2026-05-28,229.66729736328125,230.7320381891827,228.60254135347682,228.90107206919134,7193400
2026-05-29,224.22413635253906,230.36385365376995,223.48776262843438,230.09517449736785,13897700
2026-06-01,222.41307067871094,223.3385143974124,219.75617610550876,222.10459450044488,8041000
2026-06-02,221.79611206054688,224.39330345287865,220.08455216761314,221.48763589098954,5669000
2026-06-03,222.1444091796875,223.82610240207563,220.91048926891716,221.35827776443833,6507200
2026-06-04,227.05020141601562,227.5477475509985,224.79133771170055,225.97549994238426,7274800
2026-06-05,231.6276397705078,234.06561287765282,227.87613753428016,228.87122983792332,8034900
2026-06-08,231.0206298828125,233.7969306933057,229.42847614392605,231.62763678757383,7559800
2026-06-09,235.8368682861328,236.5433904796373,229.2792138627353,231.23954685180908,8354500
2026-06-10,237.31956481933594,239.7475772433621,235.886629497679,237.67779864975017,8350800
2026-06-11,237.16033935546875,240.41429528628944,236.97126939727602,238.822141602048,7399000
2026-06-12,239.6878662109375,239.72767840405794,236.35431627248195,238.82214080935248,6459400
2026-06-15,234.50344848632812,238.32459916704082,232.43365473829965,237.8270530309927,7732000
2026-06-16,234.02578735351562,235.20994955683125,229.88621514589735,235.20994955683125,7718100
2026-06-17,233.0506134033203,234.27457267967245,229.5677903566066,232.88144953454835,8548000
2026-06-18,227.2691192626953,231.60772209709037,226.48300306302522,230.64248139608736,18989800
2026-06-22,230.15489196777344,230.31411038031268,226.3834988221592,227.8263796240252,8518300
2026-06-23,237.9066619873047,238.62312963718077,233.19987979667957,234.48354214543076,11802000
2026-06-24,239.81723022460938,241.84721171654783,237.5782726810186,238.71267722908183,8139200
2026-06-25,243.67820739746094,246.97196048258556,239.70778365238823,240.0859235854152,10130400
2026-06-26,253.4102020263672,253.85799051268404,246.6535169859773,247.05156300573913,16316800
2026-06-29,257.2413024902344,257.3109358669097,250.7930938975173,251.94740453022743,8608400
2026-06-30,252.7235870361328,258.62447695588,251.92751017702224,257.7288999793201,8469500
2026-07-01,252.73353576660156,252.95245728529045,249.8477741968348,252.00712264580847,6516500
2026-07-02,261.74908447265625,261.8087875806335,252.753441667793,254.52470472933535,7998700
2026-07-06,258.0572509765625,260.0972082397536,254.67394351620698,258.9528582650781,6803700
2026-07-07,265.9284362792969,268.1076906797339,262.75408965465317,263.5899938466549,9089700
2026-07-08,262.1072998046875,267.28179179450893,261.8386358221884,267.28179179450893,6769400
2026-07-09,257.8283996582031,262.1570568783993,256.8631589924022,259.35088953644544,6426100
2026-07-10,255.7188262939453,260.01760188497747,254.26598487714244,258.91306402533775,6534700
2026-07-13,256.5049133300781,258.2562853735001,254.89286877547602,256.68405301110437,5272200
2026-07-14,252.60418701171875,255.13172996253974,250.9025724938729,254.27593479130442,8770600
2026-07-15,245.8076934814453,255.5695309055475,244.84245277781295,248.86261881363527,10547300
2026-07-16,248.7432098388672,252.30564190006208,245.09122311970796,247.67845384783817,11097600
2026-07-17,251.7981414794922,254.40529355359888,250.7134945486414,251.35035299448896,10167700
2026-07-20,247.59886169433594,252.93254159418385,247.40979173683036,250.7731932271148,8114700
2026-07-21,249.3800811767578,250.10649430212794,244.28521347459443,246.2355858738711,7793100
2026-07-22,254.3754425048828,255.03220704893891,249.97713648203677,251.51951735745217,9100200
2026-07-23,257.99755859375,258.9230174724852,253.17137025663587,253.98735319581928,8063300
2026-07-24,262.1072998046875,262.41577598127003,258.33589157019617,260.14696680341433,6351800
2026-07-27,264.6448059082031,267.48079463226605,260.0673753138636,261.26146783773044,9647900
2026-07-28,265.42095947265625,273.55084592551594,264.87364052953075,268.67490010822394,10491000
2026-07-29,264.2268371582031,268.0181361041443,263.49047862976664,267.1822622796963,6105600
2026-07-30,254.56451416015625,259.2414296518399,253.31068817063203,257.75875187348953,8216500
2026-07-31,255.09190368652344,257.2114550322676,252.04690865509698,254.75357596655473,6782100
2026-08-03,253.1614227294922,256.4850271972422,249.67859985775465,253.71867195954576,8136300
2026-08-04,253.67886352539062,254.2659795008061,249.21090897857138,253.16142648061836,7362400
2026-08-05,256.3258056640625,258.04732616634374,253.2211227437212,253.9972934738065,6472600
2026-08-06,255.7188262939453,260.8236242062839,254.02715726257253,260.42559336590404,6931800
2026-08-07,257.96771240234375,258.32596141364326,253.86793707628854,254.63416238175625,6532100
2026-08-10,260.5251159667969,260.71418593564044,257.28110530959395,257.78861210678537,8985100
2026-08-11,258.52496337890625,262.85362089025904,257.09202805973007,259.9479684253454,5945900
2026-08-12,259.5797424316406,260.1270613743755,254.00723509927005,254.7436088096904,4629300
2026-08-13,260.79376220703125,261.3311205223152,258.37569533996134,260.44550421552646,4852700
2026-08-14,259.072265625,260.42557646804266,257.8881034534354,259.37078114396394,4998100
2026-08-17,261.0823669433594,262.98299691726805,256.7437790079673,257.5995438259766,5515500
2026-08-18,269.7794494628906,270.3964321763198,265.02290964957547,266.3563600087168,7838200
2026-08-19,272.06817626953125,275.1131561312948,269.2321572777068,271.6601848020655,7728500
2026-08-20,266.0578308105469,272.05823633214175,266.0578308105469,272.05823633214175,6475900
2026-08-21,268.9137268066406,271.32186347512464,265.68963755179993,266.51555077860934,6186800
2026-08-24,271.70001220703125,272.635401405727,267.2519483767422,268.4161893708204,5436100
2026-08-25,273.1400146484375,273.79998779296875,270.17999267578125,271.0,4687000
2026-08-26,270.0,272.9100036621094,269.54998779296875,271.9700012207031,7214100
2026-08-27,265.7699890136719,268.45001220703125,263.8299865722656,268.45001220703125,7306200
2026-08-28,268.0400085449219,268.3800048828125,264.2699890136719,265.7799987792969,5765600
2026-08-31,265.8500061035156,267.7699890136719,265.1700134277344,267.1300048828125,7900100
2026-09-01,271.19000244140625,271.9100036621094,267.0199890136719,270.8299865722656,6033600
2026-09-02,275.2099914550781,281.07000732421875,273.5299987792969,274.739990234375,7910600
2026-09-03,278.42999267578125,278.8900146484375,273.1600036621094,277.32000732421875,5940300
2026-09-04,275.2300109863281,277.79998779296875,274.75,275.1300048828125,4320100
